Track,Horse,BetType,Odds,Winner
Ascot,Fredricka,Win,8,Lose
Thirsk,Spend A Penny,Win,4.5,Lose
York,Straightothepoint,Win,7,Lose
Newmarket,Miss Inga Sock,Win,5,Lose
Ascot,Peril,Win,4.33,Win
York,Aldreth,Win,6,Lose
Newcastle,Niceonemyson,Win,6,Lose
Lingfield,Brandon Castle,Win,6,Lose
Carlisle,Sands Time,Win,5.5,Lose
Pontefract,Ad Dabaran,Win,2,Lose
Uttoxeter,Milgen Bay,Each Way,10,Lose
Thirsk,Gleese The Devil,Win,8,Lose
Hamilton,Especial,Win,6,Lose
Chepstow,Indian Affair,Win,6,Lose
Salisbury,Wild Desert,Win,3.25,Win
Catterick,Lets Twist,Win,2.75,Lose
Chelmsford,Berti Blue Boy,Win,3.5,Lose
Brighton,Shes Invincible,Win,3.25,Lose
Newcastle,Pacngo,Win,3.25,Lose
Wolverhampton,Honiton Lace,Each Way,11,Lose
Newmarket,Cultrail,Win,1.8,Lose
Newbury,Withernsea,Win,4,Lose
Newbury,Cable Bay,Each Way,7.5,Lose
Newbury,Albert Bridge,Win,4.5,Win
Market Rasen,Towering,Win,3.25,Lose
Tramore,Patsio,Each Way,8,Lose
Tramore,Illtakeitfromhere,Win,2.5,Lose
Leicester,El Astrounote,Win,11,Win
Chelmsford,Golden Ambers,Each Way,11,Win
Chelmsford,Trimoulet,Win,3.25,Lose
York,Bondi Beach,Win,5,Lose
Ffos Las,Sir Billy Wright,Win,4.33,Win
York,Quick N Quirky,Each Way,21.1,Lose
Worcester,At First Light,Each Way,9,Win
York,Mussadas,Each Way,8,Lose
York,Covert Love,Win,4,Lose
York,Koora,Each Way,11,Win
York,Mistrusting,Win,4.5,Win
Sandown,Royal Toast,Each Way,9,Win
York,Top Notch Tonto,Each Way,8,Lose
York,Al,Each Way,9,Lose
York,Quick Jack,Each Way,8,Lose
York,Ornate,Win,2.25,Lose
York,Imtiyaaz,Each Way,6,Win
Deauville,Ribbons,Win,4,Lose
Curragh,Macnicholson,Each Way,11,Lose
Brighton,Rockie Road,Win,3.25,Win
Leicester,Steventon Star,Win,3.5,Lose
Stratford,The Kvilleken,Win,3,Lose
Wolverhampton,Reginauld Claude,Each Way,7,Lose
Wolverhampton,Aqua Libre,Each Way,9,Win
Newmarket,Mister Brightside,Win,4,Win
Goodwood,Brittleton,Win,3,Win
Goodwood,Volunteer Point,Win,5,Lose
Newcastle,Punk Rocker,Win,3.75,Lose
Curragh,Three Colours Red,Each Way,7,Lose
Beverley,Rosina,Win,3.75,Win
Goodwood,Bobby Wheeler,Win,2.5,Lose
Goodwood,Gale Force,Win,2.1,Win
Hamilton,Candelisa,Each Way,6,Lose
Doncaster,Royal Signaler,Each Way,20,Lose
Chester,Fours Company,Win,5.5,Lose
Doncaster,Shore Step,Win,5.5,Lose
Doncaster,Tashweeq,Win,3.25,Win
Salisbury,Potternello,Win,4,Lose
Doncaster,Breton Rock,Each Way,15.1,Win
Leopardstown,Gielded Reflection,Each Way,15,Lose
Bath,Goathland,Win,3.25,Win
Leicester,Man Of Harleich,Each Way,8,Win
Leopardstown,Found,Each Way,10,Win
Wolverhampton,Symposium,Win,2.5,Win
Wolverhampton,Waabel,Each Way,13,Lose
Wolverhampton,Full Of Speed,Win,3.5,Lose
Catterick,Geno,Win,2,Lose
Catterick,Zain Emperor,Win,2.1,Lose
Chepstow,Willsy,Each Way,13,Win
Yarmouth,Star Storm,Win,3.5,Win
Beverley,Gold Trade,Win,4,Lose
Beverley,Poets Prize,Win,3.25,Win
Pontefract,Cornborough,Each Way,9,Lose
Ayr,Royal Duchess,Each Way,7,Lose
Ayr,El Beau,Each Way,10,Win
Newbury,Satellite,Win,2.75,Lose
Newbury,Stormy Antarctic,Win,6,Win
Newbury,Kastini,Win,3.75,Win
Ayr,Priceless,Win,3.75,Lose
Ayr,George Bowen,Each Way,8,Win
Newbury,Cymro,Each Way,10,Win
Newmarket,Distain,Win,4,Lose
Ayr,Intense Tango,Win,6,Lose
Goodwood,Silver Quay,Win,5.5,Lose
Goodwood,Scrutinise,Win,3.25,Win
Kempton,Royal Toast,Win,6.5,Lose
Newmarket,Zonderland,Win,6,Lose
Newmarket,Gale Force,Each Way,11,Win
Pontefract,El Beau,Win,3.5,Lose
Newmarket,Peterhof,Win,5,Lose
Newmarket,Light And Shade,Each Way,13,Lose
Haydock,Gracious John,Win,3.5,Win
Newmarket,Wadi Al Hattaw,Win,3.25,Lose
Wolverhampton,My Mo,Win,3.5,Win
Newmarket,Musaddas,Each Way,21,Lose
Haydock,Doc Charm,Each Way,8,Lose
Chelmsford,Western Reserve,Each Way,7,Win
Ascot,The Cashel Man,Win,2.5,Lose
Ascot,Star Storm,Win,5.5,Win
Newmarket,Gifted Master,Win,5.5,Win
Ascot,Buckstay,Each Way,7.5,Win
Wolverhampton,Cooperess,Win,4,Lose
Pontefract,Iconic,Each Way,8,Lose
Market Rasen,Ready Token,Win,3.25,Win
Leicester,Light Music,Win,1.8,Win
Catterick,Saturn Lace,Win,12,Win
Leicester,Melvin The Grate,Win,3.75,Lose
Nottingham,Mr Pickwick,Each Way,4,Lose
Nottingham,Green Light,Each Way,5,Lose
Chester,Chester Street,Win,2.88,Win
Worcester,Mighty Leader,Each Way,5,Lose
Worcester,Ballybane,Each Way,4.5,Lose
Newmarket,Hawksmoor,Each Way,26,Win
Newmarket,Promising Run,Win,7,Lose
Newmarket,Keep In Line,Each Way,12,Lose
York,Order Of Service,Each Way,17,Lose
Dundalk,Glass House,Win,6,Lose
York,Arabian Illusion,Win,6,Lose
Newmarket,Beacon Rock,Win,4.33,Lose
Newmarket,Bayan,Each Way,15,Lose
Newmarket,Heartbreak City,Each Way,10,Lose
Chepstow,Dexcite,Each Way,9,Win
Chepstow,Sausalito Sunrise,Win,4.5,Lose
Curragh,Fort Del Oro,Each Way,5.5,Win
Sedgefield,Mias Anthem,Win,3.5,Win
Salisbury,Mobsta,Win,5.5,Lose
Huntingdon,Verano,Win,2.88,Lose
Wolverhampton,Seychelloise,Win,3,Lose
Wetherby,Our Thomas,Win,2.38,Win
Nottingham,Lahayeb,Each Way,9,Win
Nottingham,Frederika,Each Way,9,Win
Wetherby,Beatabout The Bush,Each Way,11,Lose
Uttoxeter,Tennessee Bird,Win,4,Lose
Chelmsford,Force,Win,2.88,Lose
Chelmsford,Kingscroft,Each Way,11,Lose
Wincanton,Dry Ol Party,Each Way,7.5,Win
Haydock,Mitchum Swagger,Win,2.5,Lose
Fakenham,Knock House,Win,2.38,Lose
Ascot,Flying Officer,Each Way,8,Win
Ascot,Fort Del Oro,Each Way,26,Lose
Ascot,The Tin Man,Each Way,9,Lose
Cork,In Salutem,Win,5,Lose
Ascot,Bocca Bacciata,Each Way,21,Lose
Ascot,Territories,Each Way,11,Lose
Ascot,The Corsican,Each Way,11,Lose
Market Rasen,Pain Au Chocolat,Win,4,Lose
Cork,Ibergman,Win,4,Lose
Wolverhampton,Debt Free Dame,Each Way,7,Lose
Cork,Crown Theatre,Each Way,9,Win
Naas,Avenante,Each Way,15,Lose
Windsor,Quatrieme Ami,Win,2.1,Win
Exeter,Bulletproof,Win,4,Lose
Windsor,Duchy,Each Way,6,Lose
Worcester,Doctor Phoenix,Win,13,Lose
Galway,Fergal Mael Duin,Win,2.38,Win
Navan,Bunk Off Early,Win,3,Lose
Kempton,Mr Bossy Boots,Each Way,7,Win
Ludlow,Breaking Bits,Each Way,5,Lose
Chelmsford,Best Example,Win,2.88,Win
Doncaster,Dolphin Vista,Win,4.5,Lose
Cheltenham,Rock The World,Win,3.5,Win
Cheltenham,Vintage Vinnie,Win,4,Lose
Doncaster,Maraakib,Win,3,Win
Cheltenham,Top Cat Henry,Each Way,6,Win
Wolverhampton,Cottesloe,Each Way,13,Lose
Cheltenham,Workbench,Each Way,10,Win
Newbury,Moderah,Each Way,7,Win
Newbury,Kastini,Each Way,8,Lose
Leopardstown,Blue De Vega,Win,3,Win
Newbury,Light Music,Win,2.38,Win
Newbury,Acclio,Each Way,17,Lose
Aintree,Duke Of Navan,Each Way,9,Lose
Aintree,La Bague Au Roi,Each Way,5,Win
Wincanton,Impulsive American,Win,4,Lose
Hamilton,Champagne Bob,Each Way,8,Win
Galway,Powersbomb,Each Way,7.5,Lose
Lingfield,Athenian Garden,Win,4,Lose
Listowel,Blacklister,Each Way,8,Lose
Wolverhampton,Berlusca,Win,3.5,Lose
Nottingham,Al,Win,2.38,Lose
Kempton,Arsty,Win,2.5,Lose
Kempton,Ladurelli,Each Way,5.5,Lose
Stratford,Faustina Pius,Each Way,11,Win
Lingfield,Mr Pickwick,Win,3,Lose
Lingfield,Desert Snow,Each Way,4.5,Lose
Lingfield,Crazy Chic,Each Way,10,Win
Chelmsford,Satchville Flyer,Each Way,8,Lose
Newmarket,Weetles,Each Way,8.5,Win
Wetherby,Kapstadt,Win,4,Lose
Newmarket,Mobsta,Win,3.25,Win
Newmarket,Paddys Runner,Each Way,7,Lose
Wolverhampton,Exit Europe,Each Way,5,Lose
Newmarket,Bumptious,Each Way,11,Win
Ascot,Chtibello,Each Way,15,Win
Limerick,Aqalim,Each Way,6,Win
Ascot,What A Warrior,Each Way,9,Lose
Wetherby,Medicine Hat,Each Way,8,Lose
Carlisle,Out Sam,Win,3.5,Lose
Cork,Unoccupied,Each Way,9,Lose
Plumpton,Girly Girl,Win,3.5,Win
Ludlow,Helium,Each Way,6,Win
Exeter,Walking The Air,Win,4,Lose
Exeter,Vibrato Valtat,Win,4,Win
Wolverhampton,Rouge Nuage,Each Way,13,Win
Warwick,David John,Each Way,9,Win
Nottingham,Flashy Queen,Each Way,13,Lose
Chepstow,Moorlands Mist,Each Way,21,Lose
Kempton,Bombilate,Each Way,8,Lose
Kempton,Estidraak,Win,1.91,Win
Thurles,Venitien De Mai,Win,3.75,Lose
Towcester,Gee Hi,Win,1.83,Lose
Chelmsford,Bancnuanaheireann,Each Way,10,Win
Musselburgh,Serenity Now,Win,2.63,Lose
Musselburgh,Aristo Du Plessis,Win,2.62,Win
Hexham,Destiny Awaits,Each Way,6.5,Lose
Wincanton,Wishfull Dreaming,Win,2.38,Lose
Wincanton,Warrantor,Win,9,Lose
Doncaster,Predominance,Win,5,Lose
Aintree,Our Kaempfer,Win,3.75,Lose
Doncaster,Iveagh Gardens,Each Way,6,Lose
Limerick,Bold Bid,Each Way,8.5,Lose
Ffos Las,Ma Du Fou,Win,2,Win
Sandown,Chic Name,Win,3,Lose
Kempton,Second Wave,Win,4,Win
Kempton,Big Whiskey,Each Way,8,Win
Kempton,Dutiful Son,Win,3.5,Win
Kempton,Revision,Each Way,7.5,Win
Kempton,Exit Europe,Each Way,6.5,Win
Lingfield,Flementine,Win,5,Lose
Sedgefield,Friendly Royal,Win,4.5,Lose
Ayr,Glacial Rock,Each Way,6.5,Lose
Ayr,Final Assault,Win,2.88,Win
Dundalk,Credit The Giver,Each Way,6,Win
Taunton,Lady Of Lamanver,Each Way,6,Lose
Ludlow,Max Forte,Each Way,9,Win
Lingfield,Port Paradise,Each Way,11,Lose
Cheltenham,La Vaticane,Win,4.5,Lose
Lingfield,Tuco,Win,3.25,Lose
Cheltenham,A Hare Breath,Each Way,7,Win
Wolverhampton,Quatrieme Ami,Win,3.25,Win
Cheltenham,Knockanrawley,Each Way,15,Win
Cheltenham,Irish Cavalier,Each Way,11,Win
Lingfield,Grendisar,Each Way,11,Win
Wetherby,Kayf Blanco,Each Way,8,Win
Punchestown,Colla Pier,Each Way,11,Win
Cheltenham,Altior,Win,3.75,Win
Fontwell,Gorgehous Lliege,Each Way,6.5,Lose
Cheltenham,Simply Ned,Win,3.75,Lose
Wolverhampton,Epsom Day,Win,2.62,Lose
Plumpton,Vinciaettis,Win,2.5,Win
Lingfield,Justice Rock,Each Way,6,Lose
SouthWell,Theredballoon,Win,3.75,Lose
SouthWell,Pithivier,Win,3.75,Win
SouthWell,Yes I Did,Each Way,5,Win
Warwick,Varom,Win,4.5,Lose
Chepstow,Boyfromnowhere,Win,3.75,Lose
Lingfield,Rememberance Day,Each Way,12,Lose
Chelmsford,Steal The Scene,Each Way,11,Win
Chelmsford,Crazy Chic,Win,3.25,Lose
Chelmsford,Big Whiskey,Each Way,7,Win
Chelmsford,Kristijano,Win,3,Lose
Haydock,Doctor Phoenix,Win,3,Win
Haydock,Welsh Shadow,Win,2.62,Win
Wolverhampton,Turn On The Tears,Each Way,5.5,Win
Lingfield,Exit Europe,Win,3.25,Lose
Ascot,Kitty Caul,Each Way,10,Lose
Ascot,Crown Theatre,Each Way,6.5,Lose
Haydock,Straidnahanna,Each Way,7,Lose
Galway,Illegally Blonde,Win,3.5,Win
Wolverhampton,Thataboy,Each Way,13,Lose
Wolverhampton,Right Madam,Each Way,7,Lose
Navan,Roll It Out,Each Way,5.5,Win
Exeter,St Dominick,Win,5.5,Win
Kempton,Lettheriverundry,Each Way,6,Lose
Ludlow,Armchair Theatre,Win,3,Lose
Chelmsford,Big Whiskey,Each Way,6.5,Win
Kempton,Presence Felt,Each Way,7,Win
SouthWell,What Could She Be,Each Way,4,Win
Lingfield,Midnight Silver,Each Way,4.5,Lose
SouthWell,Commissar,Each Way,8,Lose
Dundalk,Hat Alnasar,Win,4,Lose
Kempton,Lancelot Du Lac,Win,3.5,Win
SouthWell,Rubis,Each Way,7.5,Win
Newbury,Value At Risk,Win,3.75,Lose
Newbury,Chtibello,Win,4,Lose
SouthWell,Danish Duke,Each Way,10,Win
Chelmsford,Make Music,Each Way,5,Lose
Chelmsford,Epsom Day,Win,2.1,Lose
Newbury,Maximiser,Each Way,5,Lose
Newbury,West Approach,Each Way,17,Lose
York,Air Of York,Win,2.75,Win
Wolverhampton,Wink Oliver,Win,3.5,Lose
Dundalk,Red Rannagh,Each Way,5.5,Win
Fairyhouse,Dysios,Each Way,21,Lose
Newcastle,Ballydine,Win,2.88,Win
Newbury,Aloomomo,Each Way,8,Win
Doncaster,Jack Steel,Win,3.75,Lose
Newbury,Houblon Des Obeaux,Each Way,15,Lose
Bangor,Final Nudge,Win,2.38,Win
Newbury,Pearls Legend,Each Way,8.5,Win
Carlisle,On Tour,Win,1.91,Win
Wolverhampton,Edith Weston,Each Way,13,Lose
Wolverhampton,Rock Of Monaco,Each Way,8,Win
Wolverhampton,Russian Radiance,Win,3.5,Win
Kempton,Sunbaked,Win,3.5,Lose
SouthWell,Crosspark,Win,3,Lose
Aintree,Saint Raph,Win,4,Lose
Wolverhampton,The Gay Cavalier,Win,4,Lose
Lingfield,Cottesloe,Each Way,11,Lose
Ludlow,Tara Mist,Win,5,Lose
Leicester,Moscow Me,Win,3,Lose
Wincanton,Kings Apollo,Each Way,11,Lose
Market Rasen,Nebula Storm,Win,4,Lose
Kempton,Aldeburgh,Each Way,9,Lose
Exeter,St Dominick,Each Way,6.5,Lose
Sandown,Label Des Obeaux,Each Way,4.5,Win
Exeter,Never Says Never,Win,2,Lose
Wolverhampton,Ejayteekay,Each Way,5.5,Lose
Dundalk,Little Sweetheart,Each Way,4,Win
Wetherby,Bobs Lady Tamure,Each Way,17,Lose
Sandown,Vibrato Valtat,Win,3,Lose
Wolverhampton,Quatrieme Ami,Each Way,5,Win
Punchestown,Empire Of Dirt,Win,4.5,Lose
Huntingdon,La Bague Au Roi,Win,1.91,Win
Lingfield,Enaad,Win,2.25,Win
Chelmsford,Mighty Zip,Each Way,6,Win
Chelmsford,Supersta,Win,2.1,Win
SouthWell,Grey Destiny,Each Way,5,Lose
Uttoxeter,Baywing,Win,2.75,Win
SouthWell,Tigers Home,Win,3,Lose
Uttoxeter,April Dusk,Win,3,Win
Lingfield,Silver Quay,Win,2.25,Lose
Lingfield,Big Time,Win,3,Lose
Lingfield,Outer Space,Win,5,Lose
Warwick,Capilla,Win,2.2,Lose
Taunton,Sidbury Hill,Win,3.5,Lose
Warwick,Cyclop,Win,3,Win
Cheltenham,A Hare Breath,Win,3.25,Lose
Cheltenham,One Track Mind,Each Way,4.33,Lose
Doncaster,Holly Bush Henry,Win,3.5,Win
Cheltenham,Sceau Royal,Win,3.5,Win
Cheltenham,Tenor Nivernais,Each Way,13,Win
Cheltenham,Final Nudge,Win,7.5,Lose
SouthWell,Grey Destiny,Win,5.5,Win
SouthWell,Penn Lane,Win,3,Lose
Navan,All You Need,Each Way,5,Lose
SouthWell,Ruby Rambler,Win,3.75,Win
Ffos Las,Never Equalled,Each Way,6,Win
Wolverhampton,Quality Song,Win,2.62,Lose
Kempton,Wharane,Each Way,12,Lose
Lingfield,Sacred Trust,Win,3.5,Lose
Ludlow,Double Shuffle,Win,5,Win
Lingfield,Sirens Cove,Win,5.5,Lose
Newbury,Big Chief Benny,Win,3.25,Lose
Kempton,Severini,Win,1.73,Win
Exeter,Kylemore Lough,Win,3,Win
Exeter,Our Cat,Win,5.5,Lose
SouthWell,Serenity Now,Each Way,4.33,Lose
Hamilton,Duke Des Champs,Each Way,7,Win
Wolverhampton,Take The Helm,Each Way,6,Win
Dundalk,Oscar Dominguez,Win,3.5,Win
Lingfield,Barye,Each Way,8,Win
Lingfield,Grendisar,Win,3.75,Lose
Ascot,Winner Massagot,Each Way,7,Lose
Fakenham,Wings Attract,Win,3.75,Lose
Lingfield,Koreen,Each Way,5,Lose
Lingfield,Warrantor,Win,5,Win
Chelmsford,Fast Sprite,Win,4,Lose
SouthWell,Yul Finegold,Win,3.5,Lose
Wolverhampton,Next Edition,Each Way,7,Lose
Leopardstown,Coney Island,Win,3,Win
Sedgefield,Bollin Ace,Each Way,5,Lose
Leopardstown,Dont Touch It,Win,4.5,Lose
Kempton,Open Eagle,Win,4.5,Lose
Wolverhampton,Horsted Keynes,Each Way,7,Lose
Leopardstown,Ttebbob,Win,5,Lose
Kempton,Matorico,Each Way,9,Lose
Kempton,Ar Mad,Win,4,Win
Leopardstown,Petit Mouchoir,Each Way,13,Win
Leopardstown,Woodland Opera,Each Way,8,Lose
Leopardstown,Rossvoss,Each Way,15,Lose
Kempton,Desert Queen,Win,2.75,Lose
Tipperary,Tippmanboy,Each Way,4.5,Lose
Leopardstown,Jimmy Two Times,Each Way,17,Lose
Lingfield,Gabrial The Hero,Each Way,8,Win
Lingfield,Spiritual Star,Each Way,10,Lose
SouthWell,Northside Prince,Each Way,10,Win
Longchamp,Go Long,Win,2.5,Lose
Doncaster,Kalane,Win,3.25,Lose
Lingfield,Archaic,Win,2.5,Lose
Haydock,Friendly Royal,Win,3.25,Lose
Haydock,Nansaroy,Win,2.38,Lose
Wolverhampton,Seraphima,Each Way,17,Lose
Lingfield,Ghost Train,Each Way,7,Win
Lingfield,Cambodia,Win,3.25,Lose
Punchestown,Ice Cool,Win,2.62,Win
Cheltenham,Preseli Rock,Each Way,13,Win
Cheltenham,Singlefarmpayment,Each Way,9,Win
Exeter,Winning Spark,Each Way,5,Lose
SouthWell,Crosse Fire,Each Way,4.5,Win
SouthWell,Two Moons,Each Way,5.5,Lose
Sandown,Arthurs Oak,Win,5,Lose
SouthWell,Shootingsta,Win,3.5,Lose
SouthWell,Grey Destiny,Win,3.25,Lose
Chelmsford,Money Team,Win,2.88,Win
Wolverhampton,Coreczka,Each Way,6.5,Lose
SouthWell,Patriotic,Win,2,Win
SouthWell,Westwood Hoe,Win,3.5,Lose
SouthWell,Swift Cedar,Win,3,Lose
Wolverhampton,Miss Understood,Each Way,4.5,Lose
Huntingdon,Qasser,Each Way,11,Lose
Wolverhampton,Lawyer,Each Way,5.5,Lose
Towcester,Happy Diva,Win,2.5,Lose
Meydan,Le Bernardin,Win,7,Win
Meydan,Surfer,Win,6,Lose
Meydan,One Man Band,Win,2.75,Win
Lingfield,Go Charlie,Each Way,8,Lose
Lingfield,Barye,Win,2.25,Win
Dundalk,Geological,Each Way,7,Win
Punchestown,Arctic Skipper,Win,3.25,Lose
Chepstow,Never Equalled,Each Way,7,Win
Chepstow,Mountainous,Win,10,Win
Chepstow,Cogry,Win,8,Lose
Punchestown,Diamoned King,Win,2.62,Win
Chepstow,Matchaway,Win,3,Lose
Fairyhouse,Tocororo,Win,2.62,Win
SouthWell,Philba,Win,4.5,Lose
Wolverhampton,Effusive,Win,2.1,Lose
Wolverhampton,Roman De Brut,Win,3.75,Lose
Kempton,Royal Normandy,Win,3.75,Lose
Lingfield,Red Rannagh,Win,7,Lose
Chelmsford,Money Team,Win,2.38,Lose
Taunton,Winning Spark,Each Way,6,Win
Kempton,Chookie Royale,Win,2.38,Win
Meydan,Muhtaram,Each Way,6.5,Lose
Chelmsford,San Quentin,Win,3.75,Win
Chelmsford,Steal The Scene,Each Way,4.33,Lose
Wolverhampton,Rich Again,Each Way,7.5,Lose
Wolverhampton,Believe It,Win,3.25,Lose
Warwick,Tullow Tonic,Each Way,6,Lose
Warwick,Kingscourt Native,Each Way,13,Lose
Warwick,Thomas Hobson,Win,6.5,Win
Naas,Joshua Lane,Each Way,12,Lose
Leopardstown,Our Duke,Win,3.5,Win
Leopardstown,Colla Pier,Each Way,21,Lose
Leopardstown,After Rain,Each Way,7,Lose
Kempton,Royal Normandy,Win,2.62,Lose
Wolverhampton,Go Charlie,Each Way,8.5,Lose
SouthWell,Boolass,Win,3.75,Lose
Ayr,Infrontofthejudge,Each Way,4,Lose
SouthWell,Kemsing,Win,2.88,Lose
Lingfield,Fearbuster,Win,2.25,Lose
Musselburgh,Teo Vivo,Win,10,Lose
Musselburgh,Zaidiyn,Win,4.5,Lose
Fairyhouse,Shannak,Win,2.75,Win
SouthWell,Greyfriarschorista,Win,3.5,Lose
Gowran Park,Mala Beach,Win,9,Lose
Galway,Gala Ball,Each Way,6,Win
Meydan,Keep In Line,Each Way,13,Lose
Market Rasen,Away For Slates,Each Way,5.5,Lose
Dundalk,Shinyhappyjohn,Each Way,7,Lose
Dundalk,Rose Angel,Win,3.25,Lose
Lingfield,Bromyard,Win,2.5,Win
Haydock,Itsafreebee,Win,6,Win
Haydock,Virak,Each Way,6.5,Win
Chelmsford,Kyllach Me,Win,2.5,Lose
Leopardstown,Eiri Na Casca,Each Way,8,Lose
Kempton,Opening Batsman,Each Way,5.5,Lose
SouthWell,Royal Marskell,Each Way,7.5,Lose
SouthWell,Mappin Time,Win,3.5,Lose
Wetherby,Ballybolley,Each Way,7.5,Win
Thurles,Exit Seven,Win,3.75,Lose
Cartmel,Cartographic,Win,2.38,Lose
SouthWell,Jaarih,Each Way,4.5,Win
Thurles,Driscough Boy,Win,5,Lose
Meydan,Divine,Each Way,5,Lose
Meydan,Bossy Guest,Each Way,13,Lose
Meydan,Emirates Skycargo,Each Way,7,Lose
Doncaster,Gonalston Cloud,Each Way,7.5,Win
Lingfield,Shirataki,Win,3.75,Lose
Huntingdon,At The Top,Win,2.5,Lose
Dundalk,Primo Uomo,Each Way,3.5,Lose
Doncaster,Mccabe Creek,Each Way,12,Win
Doncaster,Shaneshill,Win,2.88,Lose
Doncaster,Morning Run,Win,2.25,Lose
Hamilton,Champagne At Tara,Each Way,7,Lose
Sedgefield,Libby Mae,Win,3.5,Lose
Punchestown,Mall Dini,Each Way,7,Win
Punchestown,Riverside City,Win,5.5,Lose
Wolverhampton,Lady Fandango,Each Way,4.5,Lose
Plumpton,Get Ready Freddy,Each Way,10,Lose
Kempton,Head Space,Win,4.5,Lose
SouthWell,Northside Prince,Each Way,8,Win
SouthWell,Razin Hell,Each Way,5,Win
Down Royal,Mount Gunnery,Win,4,Lose
Down Royal,Peter From Paris,Win,11,Lose
Leicester,Brave Helios,Each Way,8,Lose
Ludlow,Hill Fort,Each Way,11,Lose
SouthWell,Major Muscari,Each Way,8.5,Lose
Meydan,Ertijaal,Win,2.38,Win
Meydan,Prayer For Relief,Each Way,7,Lose
Meydan,Le Bernadin,Win,5,Lose
Chepstow,Robin Of Locksley,Win,2.75,Lose
Lingfield,Project Bluebook,Win,3.25,Lose
Dundalk,Captain Midnight,Each Way,3.75,Lose
Wolverhampton,Qasser,Each Way,12,Lose
Goodwood,Good As Gold,Each Way,6.5,Lose
Sandown,Bristol De Mai,Win,2.62,Win
Lingfield,Grendisar,Each Way,5,Win
Sandown,Pinnacle Panda,Each Way,8,Win
Musselburgh,Full Shift,Each Way,4,Lose
Musselburgh,Shrewd,Each Way,7,Win
Wolverhampton,Binky Blue,Win,2.63,Lose
Market Rasen,Milly Baloo,Win,4,Lose
SouthWell,Clubland,Each Way,7,Win
SouthWell,Razin Hell,Win,2.75,Lose
Carlisle,Berkshire Downs,Win,3.25,Lose
Huntingdon,Baoulet Delaroque,Win,3,Win
Doncaster,Hollywoodien,Win,9,Lose
Meydan,Mujaarib,Each Way,7,Lose
Chelmsford,Welliesinthewater,Win,3,Lose
Wetherby,Lake View Lad,Win,3.5,Win
Kempton,Silvergrove,Win,4,Win
Dundalk,Enzani,Each Way,5,Lose
Newbury,Emerging Talent,Win,1.83,Lose
Newbury,Millanisi Boy,Each Way,6,Lose
Listowel,Blacklister,Win,2.62,Win
Newbury,Top Gamble,Win,4,Win
Warwick,Back By Midnight,Each Way,15,Lose
Exeter,West Approach,Each Way,9,Win
SouthWell,Moon River,Each Way,8,Win
Catterick,Gonalston Cloud,Win,3,Win
Catterick,Warrantor,Each Way,7,Lose
Wolverhampton,Elysian Prince,Each Way,6.5,Lose
SouthWell,Kemsing,Win,2.2,Win
Ayr,Yes Tom,Win,3.5,Lose
Towcester,Que Sera,Win,2.62,Lose
Towcester,Lakeshore Lady,Each Way,8,Lose
Lingfield,Arch Villain,Win,3,Win
Kelso,Road To Gold,Each Way,5,Win
Galway,Gallic Warrior,Win,2.1,Lose
Meydan,Fils Anges,Each Way,6.5,Win
Meydan,Roi De Vitesse,Each Way,15,Win
Meydan,Sir Maximillian,Each Way,11,Win
Meydan,Udododontu,Win,3.75,Lose
Sandown,Tara Flow,Win,5,Lose
Fakenham,Rock N Rhythm,Win,7.5,Lose
Dundalk,Coto,Each Way,8,Lose
Wolverhampton,Ikerrin Road,Each Way,5.5,Win
Haydock,Gas Line Boy,Win,6.5,Lose
Ascot,Royal Regatta,Each Way,10,Win
Ascot,Gran Turina,Each Way,9,Lose
Galway,Gala Ball,Win,2.1,Win
Aintree,Uaintseenothingyet,Win,3,Lose
Market Rasen,Secret Door,Win,2.75,Lose
Lingfield,Queen Aggie,Each Way,5.5,Lose
Wolverhampton,Royal Birth,Each Way,5.5,Lose
Taunton,Sonny The One,Win,3.25,Lose
Wolverhampton,Wolowitz,Win,3.5,Win
Lingfield,Believe It,Win,2.25,Win
Lingfield,Ruler Of The Nile,Win,2.38,Lose
Kempton,Mezmaar,Each Way,5.5,Lose
Meydan,Active Spirit,Win,3,Lose
Huntingdon,Hollow Blue Sky,Win,3.25,Lose
Sedgefield,Almost Gemini,Each Way,5,Win
Hamilton,Championship,Each Way,17,Lose
Meydan,Safety Check,Win,2.38,Win
Meydan,Naadir,Win,3.5,Lose
Warwick,Deep Trouble,Win,5,Lose
Dundalk,Brokopondo,Each Way,5.5,Lose
Dundalk,Ruby Gates,Win,3.25,Lose
Dundalk,Lex Talionis,Each Way,11,Win
Lingfield,Grendisar,Each Way,3.75,Win
Kempton,Viva Steve,Each Way,19,Lose
Navan,Eric Na Casa,Each Way,5,Lose
Kempton,Mccabe Creek,Each Way,10,Win
Chepstow,Oscar Sunset,Win,3.5,Lose
Fontwell,San Benedeto,Each Way,11,Win
Plumpton,Baratineur,Win,3.25,Win
Ayr,Takingrisks,Win,3.5,Lose
Catterick,General Mahler,Win,3.5,Lose
Lingfield,Blue Bounty,Each Way,4,Lose
Bangor,Not For You,Win,2.62,Lose
Wincanton,Somerset Jem,Each Way,7.5,Win
Wolverhampton,Foylesideview,Each Way,3.75,Lose
Wolverhampton,Project Bluebook,Win,2.37,Win
Kempton,Mystical Sapphire,Win,4.5,Lose
Ludlow,Hollywoodien,Win,4,Lose
Meydan,Pure Diamond,Each Way,6.5,Win
Meydan,Elleval,Each Way,7.5,Lose
Galway,Fingals Cave,Win,3.5,Lose
Newbury,Walking In The Air,Win,2.25,Lose
Lingfield,Clement,Each Way,5.5,Lose
Lingfield,The Magic Pencil,Each Way,4.5,Lose
Dundalk,Alnahar,Each Way,6.5,Win
Newbury,Rock Gone,Win,5,Lose
Galway,Gala Ball,Each Way,8.5,Win
Meydan,Faulkner,Each Way,9,Win
Lingfield,Jaadu,Each Way,41,Win
Naas,Attribution,Win,4.5,Lose
Naas,Katnap,Each Way,4.5,Lose
Wolverhampton,Mallymkun,Win,3.5,Lose
Wolverhampton,First Mohican,Each Way,5,Lose
SouthWell,Weald Of Kent,Win,2.88,Lose
Exeter,Sonny The One,Win,2.88,Lose
SouthWell,Tatting,Win,3.25,Win
Lingfield,Pink Martini,Win,4.5,Lose
Lingfield,Hot Stuff,Win,4,Lose
SouthWell,Swift Cedar,Each Way,8,Win
SouthWell,Sir Billy Wright,Each Way,4.5,Lose
Chelmsford,Mange All,Each Way,5.5,Lose
Chelmsford,Coillte Cailin,Win,4.33,Lose
Sandown,Doctor Look Here,Each Way,11,Lose
Sandown,The Brock Again,Win,2,Lose
Chelmsford,Saved My Bacon,Win,2.62,Lose
Dundalk,Wither Hills,Each Way,11,Lose
Sandown,Will OThe West,Each Way,17,Lose
Sandown,Flashjack,Each Way,13,Lose
Sandown,Sirop De Menthe,Each Way,26,Lose
Sandown,Avellino,Each Way,9,Lose
Wolverhampton,Ikerrin Road,Each Way,6,Win
Kelso,The Dutchman,Win,17,Lose
Kelso,Lake View Lad,Win,6,Lose
Warwick,Streets Of Promise,Win,5,Lose
Navan,Kilford,Each Way,5,Win
Taunton,Bonne Question,Win,2.75,Lose
Taunton,Masters Hill,Win,3.5,Lose
Cheltenham,Min,Win,3.25,Lose
Cheltenham,Douvan,Win,1.4,Win
Cheltenham,Morning Assembly,Each Way,15,Win
Cheltenham,Identity Thief,Each Way,8.5,Lose
SouthWell,Greyfriarschorista,Each Way,5.5,Lose
Cheltenham,Vroum Vroum Mag,Win,2.1,Win
Cheltenham,The Govaness,Each Way,17,Lose
Cheltenham,Ballychorus,Each Way,13,Lose
Cheltenham,Mckinley,Each Way,17,Lose
Cheltenham,Yorkhill,Win,4,Win
Cheltenham,No More Heroes,Win,3.75,Lose
Cheltenham,Arbre De Vie,Each Way,15,Lose
Cheltenham,Un De Sceaux,Win,1.83,Lose
Cheltenham,Gods Own,Each Way,34,Lose
Cheltenham,Felix Yonger,Each Way,17,Lose
Cheltenham,Josies Orders,Win,3.75,Lose
Cheltenham,Campeador,Win,10,Lose
Cheltenham,Lucky Pass,Each Way,17,Lose
Cheltenham,First Figaro,Win,17,Lose
Cheltenham,Outlander,Win,6,Lose
Cheltenham,Bristol De Mai,Each Way,17,Win
Cheltenham,Leave At Dawn,Win,8,Lose
Cheltenham,Vautour,Win,2,Win
Cheltenham,Josses Hill,Each Way,13,Lose
Cheltenham,Village Vic,Each Way,15,Lose
Down Royal,Colms Dream,Win,1.9,Win
Cheltenham,Alpha Des Obeaux,Each Way,9,Win
Cheltenham,Alpha Des Obeaux,Win,9,Lose
Cheltenham,Stilletto,Each Way,11,Lose
Cheltenham,Empire Of Dirt,Win,21,Win
Cheltenham,Limini,Win,1.73,Win
Cheltenham,Upswing,Each Way,9,Lose
Cheltenham,Cause Of Causes,Win,7.5,Win
Chelmsford,Saved My Bacon,Win,3,Lose
Cheltenham,Apples Jade,Each Way,17,Win
Cheltenham,Lets Dance,Each Way,15,Win
Cheltenham,Fethard Player,Each Way,41,Win
Cheltenham,Blue Hell,Each Way,11,Lose
Cheltenham,Gangster,Win,8.5,Lose
Cheltenham,Djakadam,Win,4.33,Lose
Cheltenham,On The Fringe,Win,4,Win
Cheltenham,Jetstream Jack,Win,15,Lose
Cheltenham,Squouateur,Win,5.5,Lose
Cheltenham,Rock The World,Each Way,12,Win
Dundalk,Tom Dooley,Win,3.25,Lose
Uttoxeter,April Dusk,Each Way,7.5,Lose
Fontwell,Sunshine Corner,Win,5,Win
Kempton,Simply A Legend,Each Way,23,Win
Fontwell,Bigmartre,Win,3,Lose
Ffos Las,Preseli Rock,Win,3.75,Lose
Downpatrick,De Plotting Shed,Win,3.25,Lose
Curragh,Master Speaker,Each Way,13,Lose
Curragh,Bubbly Bellini,Each Way,11,Win
Curragh,Aussie Valentine,Each Way,13,Win
SouthWell,Thoonavolla,Each Way,4.5,Win
SouthWell,Monkhouse,Win,2.75,Lose
Exeter,Henryville,Win,2.3,Win
Wetherby,Top Cat Henry,Each Way,9.5,Win
SouthWell,Palpitation,Win,2.75,Win
SouthWell,Fine N Dandy,Win,4,Lose
Haydock,Sharpasaknife,Win,2.88,Win
Dundalk,Carried,Each Way,4.5,Win
Ludlow,Beallandendall,Win,2.75,Lose
Ludlow,Presenting Arms,Win,4,Lose
Ludlow,Grandioso,Each Way,7,Lose
Lingfield,Goken,Each Way,4.33,Win
Lingfield,Moonrise Landing,Win,3,Win
Wolverhampton,Gang Warfare,Each Way,4.5,Win
Lingfield,Sovereign Debt,Each Way,4,Win
Meydan,One Man Band,Each Way,11,Win
Meydan,Marking,Win,2.62,Lose
Haydock,Hannahs Princess,Each Way,7,Lose
Meydan,Naadir,Each Way,41,Lose
Haydock,Octagon,Each Way,17,Lose
Haydock,Caledonia,Each Way,15,Win
Meydan,Rich Tapestry,Each Way,13,Lose
Meydan,Tryster,Win,3.25,Lose
Meydan,Forries Waltz,Each Way,15,Lose
Meydan,Frosted,Win,3.5,Lose
Fairyhouse,Cashelard Lady,Each Way,11,Lose
Fairyhouse,Lift The Latch,Win,4,Lose
Cork,Nine Stitches,Each Way,17,Win
Sedgefield,General Mahler,Each Way,6.5,Win
Cork,Penny Pepper,Each Way,5,Win
Chepstow,Grey Gold,Each Way,5.5,Win
Fairyhouse,Value At Risk,Each Way,6,Win
Fairyhouse,Mala Beach,Each Way,13,Lose
Wolverhampton,Knights Table,Win,2.88,Lose
Fairyhouse,Top Gamble,Win,2.25,Win
Fairyhouse,Robin Thyme,Each Way,8.5,Lose
Fairyhouse,Desoto County,Win,3.5,Lose
Lingfield,Quality Song,Each Way,6,Win
SouthWell,Silver Bid,Each Way,8.5,Win
SouthWell,Daisy Bere,Each Way,4.5,Lose
Kempton,Isis Blue,Win,4,Lose
Aintree,Saint John Henry,Win,2.38,Lose
Ffos Las,Alfie Spinner,Win,3,Lose
Chelmsford,Eljaddaaf,Win,2.25,Lose
Fontwell,Bramble Brook,Each Way,6.5,Lose
Lingfield,Burning Thread,Win,5,Lose
Dundalk,Jamesie,Each Way,5,Win
Wolverhampton,Manjaam,Win,3.5,Win
Dundalk,Sea Of Blue,Each Way,6.5,Win
Doncaster,Secret Brief,Each Way,19,Win
Doncaster,Udododontu,Each Way,11,Lose
Kempton,Plucky Dip,Each Way,7,Lose
Doncaster,Mobsta,Each Way,15,Win
Newbury,Lady Of Lamanver,Each Way,7.5,Win
Newbury,Duke Street,Each Way,5,Win
Curragh,Callender,Win,1.91,Lose
Ascot,Consortium,Each Way,26,Lose
Ascot,Max Forte,Each Way,21,Win
Lingfield,Stormy Clouds,Win,2.2,Win
Warwick,Robin Of Locksley,Each Way,8,Lose
Pontefract,Surprise Vendor,Each Way,4,Lose
Fairyhouse,Glenwood For Ever,Each Way,9,Lose
Catterick,Sunraider,Each Way,11,Lose
Leopardstown,Claudio Monteverdi,Win,2,Win
Hamilton,Shamreen,Win,2.1,Lose
Leopardstown,Newberry New,Each Way,8,Lose
Aintree,Diego Du Charmil,Each Way,12,Lose
Aintree,Pacha Du Polder,Each Way,4.5,Lose
Aintree,Minella Present,Each Way,7.5,Lose
Limerick,Oiche Mhaith Boy,Each Way,4.5,Win
Aintree,Tycoon Prince,Each Way,9,Lose
Aintree,Ma Du Fou,Each Way,9,Lose
Aintree,Henri Parry Morgan,Each Way,17,Win
Aintree,Turban,Each Way,26,Lose
Aintree,Ballydine,Win,6,Lose
Aintree,Ballyoptic,Each Way,11,Win
Dundalk,Go Kart,Win,3.5,Lose
Aintree,Murrayana,Each Way,26,Win
Aintree,Ubak,Each Way,21,Win
Gowran Park,Ardmore,Each Way,10,Lose
Gowran Park,Newsman,Win,2.5,Lose
Chepstow,Grove Silver,Win,4,Lose
Aintree,Gallant Oscar,Each Way,34,Lose
Aintree,Rule The World,Each Way,51,Win
Aintree,Madfuninthewest,Each Way,17,Lose
Market Rasen,Colla Pier,Each Way,3.5,Win
Leopardstown,Jet Setting,Each Way,11,Win
Kelso,Road To Gold,Win,3.25,Lose
Kelso,Nakadam,Each Way,4.33,Win
Kelso,Veinard,Each Way,8,Lose
Exeter,Aurillac,Win,3,Lose
SouthWell,Star Ascending,Each Way,6.5,Win
Newmarket,Yeeoow,Each Way,17,Win
Beverley,Jollydee,Each Way,5.5,Lose
Cheltenham,Double Ws,Each Way,10,Lose
Cheltenham,Beallandendall,Each Way,11,Lose
Cheltenham,Yes I Did,Each Way,15,Lose
Cheltenham,Bon Chic,Win,4,Lose
Cheltenham,Goodbye Dancer,Each Way,15,Lose
Cheltenham,Long House Hall,Win,3.75,Lose
Ripon,Dominate,Each Way,7,Win
Ayr,Craiganboy,Each Way,7.5,Lose
Ayr,Gullys Edge,Win,6.5,Win
Ayr,Caledonia,Win,5,Lose
Dundalk,Roconga,Win,2.62,Win
Ayr,Smooth Stepper,Each Way,7.5,Lose
Ayr,Bristol De Mai,Win,2,Lose
Ayr,Clondaw Warrior,Win,5.5,Lose
Ayr,Chtibello,Win,9,Win
Ayr,Arbre De Vie,Each Way,5,Win
Navan,Deeds Not Words,Win,5.5,Lose
Navan,Battleroftheboyne,Win,8,Lose
Wincanton,Sonny The One,Each Way,6.5,Lose
Navan,The Gurkha,Win,3,Win
Huntingdon,Vinciaettis,Win,2.38,Lose
Windsor,Dominate,Win,3.75,Lose
Dundalk,Kasbah,Win,4,Lose
Windsor,Navigate,Win,4,Lose
Kempton,Mountain Eagle,Each Way,7.5,Lose
Wolverhampton,Inexes,Win,3.75,Lose
Ludlow,Tugboat,Win,2,Lose
Epsom,Claudio Monteverdi,Win,2.38,Lose
Perth,Barney Dwan,Win,5.5,Lose
Epsom,Clayton,Each Way,5.5,Lose
Perth,Top Of The Glas,Each Way,6,Win
Perth,Tomorrows Legend,Each Way,8,Win
Warwick,Conas Taoi,Win,3.75,Win
Tipperary,Doc Sportello,Each Way,5.5,Win
Tipperary,Bluesbreaker,Each Way,9,Win
Perth,Monbeg River,Win,4,Lose
Carlisle,Curious Carlos,Each Way,5.5,Win
Sandown,Rainbow Dreamer,Each Way,12,Lose
Leicester,Mitchum Swagger,Each Way,7.5,Lose
Sandown,Theatre Guide,Each Way,17,Lose
Leicester,Wowcha,Win,3,Lose
Doncaster,Burano,Each Way,3.5,Lose
Gowran Park,Penny Pepper,Each Way,8,Win
Gowran Park,Bocca Baciata,Win,3,Win
Gowran Park,Beechmount Whisper,Each Way,5,Win
Naas,In Salutem,Each Way,11,Lose
Naas,Mr Right,Each Way,6.5,Lose
Naas,Fort Del Oro,Each Way,4,Win
Windsor,All My Love,Win,3.25,Lose
Punchestown,Ancient Sands,Each Way,17,Win
Punchestown,Copy That,Win,6,Lose
Punchestown,Jenkins,Win,1.91,Lose
Punchestown,Henryville,Each Way,5.5,Lose
Hamilton,Shamiran,Win,21,Win
Punchestown,Pivot Bridge,Win,17,Lose
Ascot,Gifted Master,Win,4,Win
Punchestown,Moon Over Germany,Win,7.5,Lose
Punchestown,Coney Island,Win,8,Lose
Punchestown,Acapella Bourgeois,Win,6,Lose
Lingfield,Suqoor,Win,5.5,Win
Punchestown,Roconga,Win,9,Lose
Punchestown,Admiral Brian,Each Way,17,Lose
Punchestown,Alpha Des Obeaux,Win,2.5,Lose
Punchestown,Sonny B,Each Way,17,Lose
Punchestown,Haymount,Each Way,12,Lose
Chepstow,Medburn Dream,Win,4.33,Win
Punchestown,Mr Diablo,Each Way,17,Win
Fontwell,Ebadani,Each Way,4.5,Win
Punchestown,Jers Girl,Win,3,Win
Punchestown,Marito,Each Way,6,Win
Goodwood,Rayvin Black,Win,3.5,Win
Goodwood,More Mischief,Each Way,21,Lose
Newmarket,Lancelot Du Lac,Each Way,21,Lose
Goodwood,Sinfonietta,Each Way,10,Win
Newmarket,Massaat,Each Way,15,Win
Punchestown,Slowmotion,Each Way,4,Lose
Punchestown,Archie Meade,Each Way,17,Lose
Newmarket,Terentum Star,Win,7,Lose
Newmarket,Dougan,Win,7.5,Lose
Sligo,Ducky Mallon,Each Way,9,Lose
Newmarket,Jet Setting,Win,26,Lose
Newmarket,Taqdeer,Win,2.88,Win
Warwick,Herons Heir,Win,5,Win
Curragh,Blue De Vega,Win,2.75,Lose
Bath,Hound Music,Win,5,Lose
Exeter,Morning Herald,Win,2.1,Win
Exeter,Easily Pleased,Each Way,8.5,Lose
Ballinrobe,Westerner Point,Each Way,6,Lose
Chester,Fiery Character,Win,2.25,Lose
Chester,Steve Rogers,Win,4.5,Lose
Chester,John Reel,Each Way,17,Lose
Chester,Roudee,Each Way,6.5,Win
Uttoxeter,Wotzizname,Win,2.38,Win
Chester,Above And Beyond,Each Way,5.5,Win
Clonmel,Double Fast,Each Way,7,Lose
Chester,Housesofparliament,Win,5.5,Lose
Auteuil,El Astronaute,Win,3.75,Lose
Cork,Rosie Alice,Each Way,6.5,Lose
Ascot,Cartmell Cleave,Each Way,4.5,Lose
Haydock,Chtibello,Each Way,5.5,Win
Lingfield,Seventh Heaven,Win,4.5,Win
Nottingham,Alqubbah,Each Way,6.5,Win
Ascot,The Warrior,Each Way,29,Lose
Ascot,Grand Inquisitor,Each Way,11,Lose
Nottingham,Rock Song,Win,4,Lose
Ludlow,Altesse De Guye,Each Way,4.5,Win
Limerick,Deans Road,Win,3.25,Win
Warwick,The Tourard Man,Win,3.5,Win
Warwick,Fort Carson,Each Way,7,Win
SouthWell,Vinegar Hill,Win,2.75,Win
Goodwood,The Warrior,Each Way,5.5,Lose
Worcester,Fountains Blossom,Each Way,4.5,Win
Worcester,Perspicace,Each Way,3.75,Win
Goodwood,Prize Money,Win,2.1,Lose
Downpatrick,Rise Of An Empire,Win,2.1,Win
Cork,Cappadocia,Each Way,5,Lose
Haydock,Red Vernon,Win,2.5,Win
Haydock,Matorico,Win,3.5,Lose
York,Appeared,Win,3,Lose
Curragh,In Salutem,Each Way,6.5,Win
Curragh,Roly Poly,Each Way,5,Lose
Curragh,Fort Del Oro,Each Way,4,Lose
Curragh,Blue De Vega,Each Way,11,Win
Curragh,Jet Setting,Each Way,17,Win
Curragh,Canary Row,Each Way,12,Win
Sligo,Mystic Princess,Win,7,Lose
Windsor,Flowers On Venus,Each Way,5.5,Lose
Windsor,Zambeasy,Each Way,11,Win
Hamilton,Maz Majecc,Each Way,4.5,Lose
Wetherby,Just Be Lucky,Each Way,4,Win
SouthWell,Carrigkerry,Win,4,Win
Lingfield,George Cinq,Each Way,5,Win
Gowran Park,Mizaah,Each Way,4,Win
Chester,Chestnut Fire,Each Way,10,Lose
Sandown,Forge,Win,3,Lose
Newcastle,Coto,Each Way,3.5,Win
Bath,Against The Odds,Win,6,Lose
Down Royal,Wakea,Win,1.8,Win
Down Royal,Kig Blue,Each Way,5,Lose
Haydock,Rousayan,Each Way,9,Win
Haydock,Laganore,Each Way,6.5,Lose
Navan,Sweetest Taboo,Each Way,6.5,Win
Navan,Seeyouallincoppers,Win,3.5,Lose
Ffos Las,Maxi Chop,Win,2.62,Lose
Kelso,Martila,Each Way,13,Win
Kelso,Move To The Groove,Win,4.5,Win
Naas,Yulong Baobe,Each Way,8,Win
Naas,Unyielding,Each Way,6,Lose
Cartmel,Chase The Wind,Win,8.5,Lose
Windsor,Kinglami,Each Way,15,Lose
Ballinrobe,Josephine Marcus,Win,7,Lose
Ballinrobe,Isabellla Liberty,Win,5.5,Lose
Ballinrobe,Libertys Gift,Win,6,Lose
Ballinrobe,Rebel Cry,Win,4.5,Lose
Towcester,Kayla,Win,3,Win
Wolverhampton,Pleaseletmewin,Win,4,Win
Ballinrobe,Bright Tomorrow,Each Way,4.5,Win
Punchestown,Mr Fiftyone,Win,4.5,Win
Punchestown,Ancient Sands,Each Way,8,Win
Fairyhouse,Power Grid,Win,8.5,Lose
Kempton,Munthahaa,Win,2,Win
Ffos Las,Carrigkerry,Win,2.25,Lose
Epsom,Felix De Vega,Each Way,10,Lose
Epsom,Skiffle,Each Way,7,Lose
Market Rasen,Moss On The Mill,Each Way,4,Win
Epsom,Scrutineer,Each Way,5.5,Lose
Leopardstown,Knights Templar,Each Way,12,Lose
Leopardstown,Duchessofflorence,Win,5.5,Lose
Leopardstown,Maronella,Each Way,13,Lose
Leopardstown,Secret Splendour,Win,5,Lose
Epsom,Poets Word,Win,4,Lose
Worcester,Gioia De Vita,Each Way,5.5,Lose
Epsom,Red Verdon,Each Way,21,Lose
Epsom,Barwick,Each Way,13,Lose
Curragh,Dark Alliance,Each Way,9,Lose
Curragh,Ducky Mallon,Each Way,8,Lose
Curragh,Dodgybingo,Each Way,11,Lose
Curragh,Newsman,Each Way,5,Win
Kilbeggan,Supreme Vinnie,Win,2.1,Win
Goodwood,Pettochside,Win,3.75,Lose
Listowel,Approcaillis,Each Way,6,Lose
Listowel,Ah Littleluck,Win,5,Win
Gowran Park,Phebes Dream,Each Way,6,Win
Windsor,Wiley Post,Win,4.5,Lose
Salisbury,White Poppy,Win,4,Win
Fontwell,Newton Geronimo,Each Way,10,Win
SouthWell,Bon Chic,Win,4,Win
Yarmouth,Shahaama,Each Way,7.5,Lose
Fairyhouse,Mostawfee,Each Way,12,Lose
Hamilton,Giant Spark,Win,2.25,Lose
Newbury,Abingdon,Win,3.75,Win
Leopardstown,Tennessee Wildcat,Each Way,5,Win
Uttoxeter,Big Sound,Each Way,6,Win
Uttoxeter,Mrs Burbridge,Win,2.62,Lose
York,Kip,Each Way,4.5,Lose
Newton Abbot,Peruvien Bleu,Each Way,9,Win
Clonmel,Charlottes Chum,Win,5.5,Lose
Sandown,Dolphin Vista,Each Way,5.5,Lose
Chester,Reflektor,Win,3,Lose
Navan,Ceol Na Nog,Win,2.75,Win
Limerick,Flaviana,Win,7.5,Lose
Limerick,Sweet Little Lies,Each Way,9,Lose
Downpatrick,Josephine Marcus,Win,4.5,Lose
Salisbury,A Moment Of Madness,Win,2.62,Win
Cork,Alveena,Win,3.5,Win
Cork,Mandamus,Each Way,34,Lose
Windsor,Upstaging,Each Way,7,Win
Ascot,Belardo,Each Way,5.5,Win
Ascot,Endless Drama,Win,7.5,Lose
Ascot,Carvaggio,Win,4.5,Win
Ascot,Yalta,Win,8,Lose
Ascot,Profitable,Each Way,9,Win
Ascot,Sempre Medici,Each Way,10,Lose
Ascot,Jennies Jewel,Each Way,8,Win
Ascot,Mister Trader,Each Way,6,Lose
Roscommon,Derulo,Win,4.5,Lose
Ascot,Remarkable,Each Way,12,Lose
Ascot,Ribchester,Each Way,10,Win
Ascot,Roly Poly,Each Way,13,Lose
Ascot,Earth Drummer,Each Way,17,Lose
Ascot,Donncha,Each Way,15,Lose
Ripon,My Amigo,Each Way,5,Win
Ascot,Blue De Vega,Each Way,6,Lose
Ascot,Clever Cookie,Each Way,13,Lose
Ascot,Pacodali,Each Way,51,Lose
Ascot,Defrocked,Each Way,11,Win
Ascot,Shraaoh,Each Way,5.5,Lose
Ascot,Quiet Reflection,Win,3,Win
Ascot,Jet Setting,Win,4.33,Lose
Ascot,Ivan Grozny,Each Way,13,Lose
Down Royal,Shan Dun Na Ngall,Each Way,5.5,Lose
Newmarket,Blackout,Each Way,5,Win
Ascot,Mount Logan,Each Way,21,Lose
Ascot,Astronerous,Each Way,26,Lose
Ascot,The Tin Man,Each Way,5.5,Lose
Ascot,The Happy Prince,Each Way,19,Lose
Ascot,Burnt Sugar,Each Way,34,Lose
Ascot,Oriental Fox,Each Way,6,Lose
Newmarket,Gunmetal,Each Way,4.5,Win
Gowran Park,Expreso Brasileiro,Each Way,4.5,Lose
Worcester,Eddiemaurice,Each Way,4,Win
Kilbeggan,Supreme Vinnie,Win,13,Win
Kilbeggan,Do Try Dolly,Each Way,7,Lose
Windsor,Indulged,Win,2.5,Lose
Kilbeggan,Heron Heights,Win,13,Lose
Beverley,Final,Win,3.25,Win
Ballinrobe,Motherland,Win,2.5,Win
Leicester,Ninepointsixthree,Each Way,9,Lose
Ballinrobe,Petuna,Each Way,6.5,Win
Carlisle,Masterpaver,Each Way,4,Win
Kempton,Francos Secret,Each Way,7,Win
Naas,Evie Be Kool,Each Way,8,Lose
Newmarket,Pixeleen,Each Way,7,Lose
Huntingdon,Gold Hunter,Each Way,7,Lose
Leopardstown,Eagle Spirit,Win,2.38,Win
Yarmouth,Red Cardinal,Win,2,Win
Cartmel,Shady Glen,Win,4.33,Lose
Cartmel,Wiffy Chatsby,Win,3,Lose
Yarmouth,Knight Owl,Win,2.5,Lose
Curragh,Avenante,Each Way,10,Win
Chester,Arcanda,Each Way,3.75,Win
Curragh,Hasanour,Win,6.5,Lose
Curragh,Champagne Or Water,Win,6,Lose
Newcastle,Gabrial The Hero,Each Way,11,Lose
Newcastle,Arch Villain,Each Way,17,Lose
Windsor,Red Tea,Each Way,3.75,Win
Chester,Perspicace,Each Way,4,Lose
Curragh,Midnitemudcrabs,Each Way,13,Lose
Curragh,Flying Fairies,Each Way,8,Lose
Curragh,Arcada,Each Way,5.5,Lose
Uttoxeter,Nikki Steel,Win,2.1,Lose
Cartmel,Morning Royalty,Win,4,Lose
Uttoxeter,Sharp Rise,Win,5,Win
Curragh,Ardhoomey,Each Way,7.5,Lose
Curragh,Eddystone Rock,Each Way,4.5,Win
Pontefract,Hanseatic,Each Way,7,Win
Musselburgh,Tonto Spirit,Win,3.75,Lose
Hamilton,Line Of Reason,Win,2.5,Lose
Stratford,Annie Alainn,Win,6.5,Lose
Worcester,Preseli Rock,Win,1.83,Lose
Fairyhouse,Colla Pier,Each Way,4.5,Win
Fairyhouse,Dodgybingo,Each Way,11,Lose
Haydock,Sir Theodore,Win,4,Lose
Yarmouth,Awesome Quality,Win,3.75,Lose
Tipperary,Lilly The Lioness,Each Way,2.5,Win
Newton Abbot,Peruvien Bleu,Each Way,10,Win
Sandown,Spark Plug,Win,5.5,Lose
Beverley,Viscount Barfield,Win,2.1,Lose
Haydock,Ok By Me,Each Way,21,Lose
Sandown,Willytheconqueror,Each Way,13,Lose
Haydock,Loving Things,Each Way,7.5,Lose
Haydock,Green Light,Each Way,10,Lose
Sandown,Snow Moon,Each Way,5,Lose
Nottingham,Indian Chief,Win,2.1,Win
Market Rasen,Party Rock,Win,2.8,Lose
Limerick,Isabella Liberty,Each Way,4.5,Lose
Limerick,The Herds Garden,Each Way,6,Lose
Worcester,Barman,Win,2.75,Win
Roscommon,Ecoeye,Win,3.8,Win
Roscommon,Midnitemudcrabs,Win,4,Lose
Brighton,Majoris,Win,2.1,Win
Roscommon,Delegate,Win,2.5,Win
Roscommon,Icelip,Each Way,10,Win
Lingfield,Sea Fox,Win,1.91,Win
Kempton,Dolphin Village,Each Way,4,Win
Newmarket,Barrington,Each Way,26,Lose
Newmarket,Yalta,Each Way,15,Lose
Newmarket,Dancing Star,Each Way,9,Win
Doncaster,Pirouette,Win,6.5,Win
Leopardstown,Total Demolition,Each Way,6,Lose
Newmarket,Blair House,Win,4.5,Lose
Ascot,Afandem,Win,4.3,Lose
Ascot,Masterpaver,Each Way,5.5,Lose
York,Mayfair Lady,Win,4.5,Lose
Ascot,Rio Ronaldo,Each Way,13,Lose
Newmarket,Fieldsman,Each Way,21,Lose
Chepstow,Satchville Flyer,Win,3.5,Lose
Ascot,Dougan,Each Way,13,Lose
Ascot,Mutakayyef,Each Way,6.5,Win
Newmarket,Magical Memory,Each Way,7,Lose
York,Marsha,Each Way,8.5,Win
Ascot,Wave Reviews,Each Way,8.5,Lose
Fairyhouse,Delegating,Each Way,7.5,Lose
Fairyhouse,Time To Reason,Each Way,6.5,Win
Sligo,Yes Man,Each Way,6,Lose
Windsor,Fabric,Win,3.3,Lose
Dundee,Crocodile Dundee,Each Way,7.5,Win
Bath,Dark Shot,Win,4.4,Lose
Dundee,Yamato,Each Way,9,Win
Beverley,St Michel,Win,1.9,Win
Worcester,Samtu,Win,4,Lose
Killarney,Tiger Roll,Win,3.3,Lose
Lingfield,Gothic Empire,Win,8,Lose
Downpatrick,Magnetic Force,Win,3.3,Lose
Downpatrick,Emma Beag,Win,3.3,Lose
Chepstow,Feed The Goater,Each Way,5.5,Win
Killarney,Time For Mabel,Each Way,8,Win
Leicester,Satchville Flyer,Each Way,5.5,Win
Epsom,Zaria,Each Way,6,Lose
Leopardstown,Tennessee Wildcat,Each Way,17,Lose
Haydock,Bossipop,Each Way,5.5,Lose
Nottingham,Marcano,Win,4.5,Lose
Kilbeggan,William Du Berlais,Win,2.1,Lose
Newmarket,Calvados Spirit,Win,9.5,Lose
Kilbeggan,Supreme Vinnie,Each Way,5.5,Lose
Kilbeggan,Duckweed,Each Way,13,Lose
Kilbeggan,Carriganog,Win,5,Lose
Market Rasen,Moabit,Each Way,7,Lose
Market Rasen,Golden Doyen,Each Way,12,Win
Curragh,Have A Nice Day,Each Way,11,Win
Newbury,Spiritual Lady,Each Way,9,Lose
Curragh,In Salutem,Each Way,13,Win
Curragh,Captain Cullen,Each Way,15,Lose
Curragh,Udogo,Each Way,9,Win
Curragh,Little Prairie,Each Way,10,Lose
Newton Abbot,Bulletproof,Each Way,9,Lose
Curragh,Bocca Baciata,Each Way,7,Win
Windsor,Pixeleen,Win,3.5,Lose
Ballinrobe,Belarusian,Win,3,Lose
Windsor,All My Love,Win,4.5,Lose
Ffos Las,Agerzam,Each Way,15,Win
Chelmsford,Certified,Win,2.8,Lose
Lingfield,Lajatico,Each Way,4.5,Win
Dundee,Dunnscotia,Each Way,5.5,Win
Carlisle,Mr Scarlet,Each Way,9,Win
Yarmouth,Grey Britain,Win,3.8,Lose
Sandown,St Michel,Win,2.4,Lose
Limerick,Heron Heights,Win,5,Win
Uttoxeter,Yes Daddy,Each Way,7,Win
Ascot,Continuum,Each Way,12,Lose
Ascot,Noble Silk,Each Way,6.5,Lose
Newmarket,Red Tea,Win,4.5,Win
Down Royal,Full Court Press,Win,2.4,Lose
Curragh,Curragh Golan,Each Way,4.5,Win
Chester,The Nazca Lines,Win,4,Lose
Ascot,Pirouette,Each Way,9,Win
Ascot,Taurean Star,Each Way,10,Lose
Chester,Viscount Barfield,Each Way,5.5,Win
Newmarket,Mont Kiara,Each Way,6.5,Win
Ascot,Dont Bother Me,Each Way,21,Lose
Ascot,Librisa Breeze,Each Way,11,Win
York,Kimberella,Each Way,7.5,Win
Salisbury,Imperial State,Win,3.5,Win
York,Equimou,Win,4.5,Lose
Pontefract,Maureb,Each Way,7,Win
Uttoxeter,Ablazing,Win,2.4,Win
Galway,Camlann,Each Way,5,Win
Galway,Flying Fairies,Each Way,11,Win
Windsor,Shypen,Each Way,8,Lose
Galway,Motherland,Each Way,4.5,Win
Goodwood,Snoano,Each Way,17,Lose
Goodwood,Oasis Fantasy,Each Way,17,Win
Yarmouth,Takatul,Win,3.3,Win
Galway,Tocororo,Each Way,5.5,Win
Galway,Gussy Goose,Each Way,17,Lose
Galway,Beau Satchel,Each Way,8,Win
Goodwood,Qatari Hunter,Each Way,8,Lose
Galway,Rathmuck Native,Each Way,9,Lose
Goodwood,Kyllang Rock,Each Way,23,Lose
Galway,Lord Scoundrel,Each Way,34,Win
Galway,Shantou Flyer,Each Way,15,Lose
Galway,Cairdiuil,Each Way,8,Win
Goodwood,Quest For More,Each Way,9,Lose
Galway,Gussy Goose,Each Way,11,Lose
Galway,Camlann,Each Way,5,Win
Epsom,Lorelina,Each Way,9,Win
Goodwood,Thikriyaat,Win,4,Win
Goodwood,Franklin D,Win,3.5,Win
Galway,Mighty Concorde,Each Way,10,Win
Goodwood,Indulged,Each Way,11,Lose
Galway,On Fiddlers Green,Each Way,10,Win
Galway,Ivan Grozny,Win,2.4,Win
Bath,Red Tea,Win,2.8,Win
Goodwood,Nuno Tristan,Each Way,21,Win
Goodwood,Knights Table,Each Way,15,Lose
Goodwood,Emperor Napoleon,Each Way,15,Lose
Galway,Plain Talking,Each Way,9,Win
Goodwood,Kimberella,Each Way,15,Lose
Goodwood,Dancing Star,Each Way,8,Win
Galway,Cairdiuil,Each Way,9,Win
Galway,Beau Satchel,Win,3.8,Lose
Galway,Black Label,Each Way,21,Lose
Chester,Eastern Impact,Win,2.5,Lose
Galway,Dream Walker,Each Way,9,Win
Chepstow,Ring Eye,Win,4.5,Lose
Naas,Intrepid Prince,Win,2.2,Win
Windsor,September Stars,Win,2.5,Win
Catterick,Project Bluebook,Each Way,4.5,Win
Cork,Korbous,Each Way,5,Win
Bath,Atalante,Win,3.5,Lose
Bath,Moss Street,Each Way,13,Lose
Sligo,Bainne,Each Way,9,Win
Yarmouth,Shypen,Win,6,Lose
Leopardstown,Blairmayne,Each Way,3.75,Lose
Tipperary,Sors,Each Way,8.5,Lose
Tipperary,Decisive Intent,Win,2,Lose
Ascot,In Salutem,Each Way,8,Win
Newmarket,Majoris,Win,2.1,Win
Haydock,Wilamina,Each Way,5.5,Lose
Kilbeggan,Heron Heights,Each Way,5,Lose
Curragh,Slumming Angel,Each Way,4.5,Lose
Downpatrick,Mr Antolini,Each Way,6,Win
Curragh,Air Force Blue,Win,2.5,Lose
Curragh,Total Demolition,Each Way,9,Lose
Wolverhampton,Braztime,Each Way,7,Win
Wolverhampton,Berlusca,Win,6,Lose
Ballinrobe,Walkabout,Win,3,Win
Ballinrobe,Black Label,Each Way,5,Lose
Salisbury,Sharja Queen,Win,2.8,Lose
Gowran Park,Assume,Win,4,Lose
Kempton,Mezmaar,Each Way,4.5,Lose
Worcester,Moss Street,Each Way,6,Lose
Leopardstown,Miss Qatar,Each Way,6,Lose
Tramore,Old Castletown,Win,2.9,Win
Yarmouth,Anastazia,Win,2.4,Lose
Newcastle,Awesome Quality,Win,3.3,Lose
Tramore,Give Her Bach,Each Way,7.5,Lose
Tramore,Icelip,Each Way,7,Lose
Newmarket,Mont Kiara,Each Way,8.5,Lose
Newmarket,Paddy Power,Each Way,21,Lose
Ripon,Nuno Tristan,Each Way,11,Lose
Tramore,Misty Lady,Each Way,5,Lose
Market Rasen,Bold Henmie,Each Way,5,Lose
Dundalk,Primo Uomo,Each Way,6.5,Win
Dundalk,Russian Soul,Each Way,8,Lose
Southwell,Vintage Salon,Win,2.9,Lose
Tipperary,Member State,Win,1.9,Lose
Wolverhampton,May Rose,Win,2.8,Lose
Leicester,Classic Pursuit,Each Way,6,Lose
York,Best of Days,Win,2.3,Lose
York,Mutakayyef,Each Way,15,Win
York,Botany Bay,Each Way,9,Lose
York,Repeater,Each Way,23,Lose
Worcester,Horseguardsparade,Win,4.5,Lose
York,One Word More,Each Way,9,Lose
York,To Eternity,Each Way,6,Win
Killarney,Abraham,Each Way,5.5,Lose
Fontwell,Excellent Team,Win,2.38,Win
York,Moonmeister,Each Way,7.5,Win
Bangor,Mr Moondance,Each Way,4.5,Lose
York,Jallota,Each Way,20,Win
York,Viscount Barfield,Each Way,7.5,Lose
Killarney,Bentelimar,Each Way,6.5,Lose
York,Tullius,Each Way,11,Lose
York,Injam,Each Way,19,Lose
Curragh,Have a Nice day,Each Way,7.5,Lose
York,She Is No Lady,Each Way,12,Lose
York,Shrewd,Each Way,17,Win
Killarney,Ballycasey,Win,3.3,Win
Chelmsford,Saxagogo,Win,2.5,Lose
Chelmsford,Gentlemen,Each Way,9,Lose
Thirsk,Rose Marmara,Win,6,Lose
Thirsk,Crombay,Win,8,Lose
Kempton,Rehearse,Each Way,4.5,Lose
Newbury,Sayesse,Win,7,Lose
Ballinrobe,Presenting Mahler,Each Way,5,Lose
Newbury,Gale Song,Each Way,7.5,Lose
Newbury,Gale Song,Each Way,7.5,Lose
Stratford,No Likey,Each Way,5,Lose
Leicester,Storm City,Win,3.5,Lose
Sedgefield,No Ceiling,Win,2.9,Win
Bellewstown,King Wharf,Win,2.5,Lose
Newmarket,Reconcilliation,Win,4.5,Lose
Newmarket,Purple Magic,Win,3,Win
Down Royal,Prickly,Win,3.8,Lose
Down Royal,Manuka,Each Way,11,Lose
Newcastle,Depth Charge,Each Way,7,Lose
Navan,Evies Wish,Each Way,6.5,Lose
Goodwood,Promising,Each Way,8,Win
Goodwood,Cant Change It,Each Way,15,Lose
Newmarket,Mickey,Each Way,5.5,Win
Goodwood,Guns Of Leros,Each Way,5,Win
Curragh,Butterflies,Win,5.5,Lose
Cork,My Menekineko,Each Way,9,Lose
Curragh,Cailin Mor,Each Way,15,Lose
Newcastle,War Department,Win,2.25,Lose
Chepstow,Gold Hunter,Each Way,7.5,Lose
Cartmel,Linger,Win,2,Lose
Roscommon,Nonetheless,Each Way,5,Lose
Worcester,Play The Ace,Win,1.88,Lose
Ripon,Miss Rosina,Each Way,5,Lose
Bath,Zaakhir,Win,3.5,Lose
Newton Abbot,Mount Vesuvius,Each Way,4.3,Lose
Sedgefield,Jacks Last Hope,Win,2.75,Lose
Haydock,Dark Emerald,Win,5,Lose
Ascot,Muthmira,Win,1.8,Lose
Haydock,Apricot sky,Each Way,6.5,Lose
Haydock,George William,Each Way,8,Lose
Kilbeggan,William Du Berlais,Win,2.9,Lose
Ascot,Yattwee,Each Way,13,Lose
Kempton,Eljaddaaf,Each Way,7,Lose
Ascot,Real Dominion,Each Way,10,Lose
Kempton,Koropick,Win,2.5,Lose
Thirsk,Magical Effect,Win,3.5,Lose
Navan,Callender,Win,3.3,Win
Navan,Society Ranger,Each Way,34,Lose
Dundalk,Strategic Force,Each Way,13,Lose
Dundalk,Victorios Secret,Each Way,6,Lose
Dundalk,Green Or Black,Each Way,11,Lose
Fontwell,Mysterious Man,Win,3.3,Lose
Dundalk,Sapphirine,Each Way,6.5,Lose
Galway,Cairdiuil,Each Way,5,Win
Galway,Morga,Each Way,11,Win
Redcar,Our Boy John,Each Way,6,Lose
Galway,Tocororo,Win,2.75,Win
Uttoxeter,Skylander,Each Way,3.5,Lose
Doncaster,Andok,Win,1.25,Win
Carlisle,Little Lady Katie,Each Way,16,Lose
Kempton,All the rage,Win,1.25,Lose
Lingfield,Gorokai,Win,1.91,Win
Lingfield,Intense Tango,Win,9,Lose
Bellewstown,Briery Belle,Win,1.91,Win
Wetherby,Lough Salt,Win,8.5,Lose
Wetherby,Run Ructions Run,Win,5.5,Lose
Wetherby,Passmore,Win,3.25,Lose
SouthWell,Kelvin Hall,Win,6.5,Lose
SouthWell,Kung Hei Fat Choy,Win,3.75,Lose
Wincanton,Shadow Blue,Win,12,Lose
Market Rasen,Abbreviate,Win,3.25,Lose
Lingfield,Canford Crossing,Win,9,Lose
Lingfield,Shalambar,Win,1.8,Win
Chelmsford,Miss Giler,Win,2.75,Lose
Cheltenham,Sign Of A Victory,Each Way,101,Lose
Lingfield,Forceful Appeal,Each Way,130,Lose
Lingfield,Atwix,Win,9,Lose
Lingfield,Bazooka,Each Way,17,Lose
SouthWell,Philba,Each Way,8.5,Lose
SouthWell,Fujin,Each Way,9,Win
Lingfield,Picansort,Each Way,12,Win
Kempton,Chevallier,Each Way,8,Lose
Wolverhampton,Just Five,Each Way,21,Lose
Wolverhampton,Bayan Kasirga,Win,6.5,Win
Wolverhampton,Shine Likeadiamond,Each Way,12,Lose
Wolverhampton,Well Owd Mon,Each Way,8.5,Lose
Chelmsford,Mystical Spirit,Win,4,Lose
Lingfield,Equally Fast,Each Way,5,Win
Lingfield,Langley Vale,Each Way,40,Lose
Lingfield,Seamster,Win,7.5,Lose
Wolverhampton,Captain George,Each Way,4.5,Lose
Wolverhampton,Indian Affair,Each Way,8,Lose
Kempton,Grey Mirage,Each Way,12,Lose
Doncaster,Stipulate,Each Way,51,Lose
Doncaster,Shared Equity,Each Way,10,Lose
Doncaster,Jack Dexter,Each Way,6.5,Lose
Kempton,Lady Lydia,Each Way,101,Lose
Doncaster,Hoof It,Each Way,25,Lose
Doncaster,New Bidder,Each Way,6.5,Win
Lingfield,Pixeleen,Each Way,10,Lose
Lingfield,Glastonberry,Each Way,8,Lose
Lingfield,Salient,Each Way,8,Win
Lingfield,Smugglers Lane,Each Way,6.5,Lose
Pontefract,Sands Chorus,Each Way,7,Win
Pontefract,Madam Lilibet,Win,18,Lose
Pontefract,Suprise Vendor,Win,5,Lose
Lingfield,Kuanyao,Each Way,15,Lose
Nottingham,Lexington Abbey,Win,6.5,Win
Nottingham,Duchess Of Marmite,Each Way,41,Lose
Lingfield,Skidby Mill,Win,7,Lose
Kempton,Jazzy,Each Way,11,Lose
Kempton,Bennelong,Win,9,Lose
Carlisle,Abi Scarlet,Win,6,Lose
SouthWell,Very First Blade,Win,7.5,Lose
Chelmsford,Theos Lolly,Each Way,26,Win
Wolverhampton,Desert Strike,Each Way,26,Win
Wolverhampton,Black Truffle,Each Way,11,Lose
Lingfield,Forceful Appeal,Each Way,26,Lose
Lingfield,Clement,Each Way,17,Lose
Wolverhampton,Colourbearer,Win,4.5,Lose
Windsor,Shifting Star,Win,10,Lose
Windsor,Bazooka,Each Way,34,Win
Carlisle,Abi Scarlet,Win,7,Lose
Newmarket,Childesplay,Each Way,13,Lose
Newmarket,Southdown Lad,Each Way,17,Lose
Newmarket,Bossy Guest,Each Way,41,Lose
Kempton,Seek The Fair Land,Each Way,15,Lose
Kempton,Saborido,Each Way,13,Lose
Kempton,Barnmore,Win,7.5,Lose
Ripon,Barkston Ash,Each Way,13,Win
Newmarket,Son Of Africa,Each Way,41,Lose
Newmarket,Three Gracez,Each Way,51,Lose
Bath,Iffranesia,Each Way,15,Lose
Thirsk,Mr Cool Cash,Each Way,13,Lose
Thirsk,Swaheen,Each Way,15,Lose
Wolverhampton,Star Anise,Each Way,29,Lose
Wolverhampton,Lean On Pete,Win,9,Lose
Wolverhampton,Jumbo Prado,Win,5.5,Lose
Pontefract,Red Pike,Each Way,11,Lose
Pontefract,Filatore,Each Way,17,Lose
Pontefract,Dark Ocean,Win,5,Lose
Windsor,Kinglami,Each Way,23,Lose
Wolverhampton,Black Truffle,Each Way,26,Lose
Wolverhampton,Pipers Piping,Win,6,Lose
Brighton,Live Dangerously,Each Way,26,Lose
Brighton,Megalala,Win,9,Lose
Catterick,Breakable,Each Way,15,Lose
Lingfield,Forceful Appeal,Each Way,21,Lose
Doncaster,Teds Brother,Win,7.5,Lose
Doncaster,Sakhalin Star,Win,4,Lose
Sandown,Riflescope,Win,8,Lose
Doncaster,Bashiba,Each Way,13,Lose
Ripon,Dubai Dynamo,Each Way,17,Lose
Ripon,Pipers Note,Each Way,15,Lose
Wolverhampton,John Potts,Each Way,15,Lose
Musselburgh,Opt Out,Win,8,Lose
Thirsk,Captain Dunne,Each Way,17,Lose
Musselburgh,La Bacouetteuse,Each Way,15,Lose
Musselburgh,Rothesay Chancer,Each Way,17,Lose
SouthWell,General Tufto,Each Way,51,Lose
Ayr,Goninodaethat,Each Way,26,Lose
Wolverhampton,Your Gifted,Each Way,19,Win
Brighton,Port Lairge,Win,4.5,Lose
Brighton,Megalala,Each Way,11,Lose
Wolverhampton,Lean On Pete,Win,5.5,Lose
Lingfield,Attain,Win,3.5,Lose
Pontefract,Mailshot,Win,5,Win
Ascot,Light Up Our World,Win,3.2,Lose
Pontefract,Deodoro,Win,3.75,Lose
Brighton,Executor,Win,3.5,Lose
Redcar,Maulesden May,Each Way,12,Win
Redcar,Jordan Sport,Win,4,Win
Redcar,Footlight,Win,2.5,Lose
Chelmsford,Dream Trader,Each Way,34,Lose
Chepstow,Star Ascending,Win,4.5,Lose
Aintree,Faintly,Win,2.88,Win
Chepstow,Distant High,Win,10.5,Win
Lingfield,Sir Renos Santi,Each Way,41,Lose
Lingfield,Straits Of Malacca,Each Way,13,Lose
Thirsk,Al Khan,Each Way,41,Lose
Newmarket,Take The Helm,Each Way,26,Lose
Newmarket,Sky Kingdom,Win,3.75,Lose
Doncaster,Wiley Post,Each Way,15,Lose
Doncaster,East Street Revue,Each Way,51,Lose
Goodwood,Johnny B Goode,Win,4,Lose
Hamilton,Sir Chauvelin,Each Way,11,Win
Newmarket,Blue Bayou,Each Way,51,Lose
Newmarket,Await The Storm,Each Way,41,Lose
Hamilton,Euchen Glen,Win,6.5,Lose
Bath,Mc Diamond,Win,5.5,Lose
Beverley,Volta Do Mar,Win,6.5,Lose
Beverley,Dawn Mirage,Each Way,15,Win
Beverley,Oak Bluffs,Win,5,Lose
Beverley,Perceysvivace,Win,3.75,Lose
Brighton,Jaywalker,Win,7,Lose
Catterick,Oyster Card,Each Way,21,Lose
Catterick,Taysh,Win,4,Win
Chester,Our Greta,Each Way,26,Lose
Chester,Nakeeta,Each Way,26,Win
Chelmsford,Crosse Fire,Each Way,21,Lose
Chelmsford,Merhoob,Win,6,Lose
Chelmsford,Pastoral Player,Each Way,17,Lose
Lingfield,Tetradrachm,Win,4.5,Win
Lingfield,Happy Call,Win,5.5,Win
Nottingham,First Excel,Each Way,17,Win
Nottingham,Douglas Bank,Each Way,11,Lose
Lingfield,Quality Time,Win,10,Lose
Haydock,Barracuda Boy,Each Way,15,Lose
Nottingham,Hickster,Each Way,21,Win
Wolverhampton,Le Torrent,Win,5,Lose
Brighton,Officer Drivel,Win,8.5,Lose
Musselburgh,Mr Sundowner,Win,9,Lose
Brighton,Lady Zodiac,Win,8.5,Lose
Wolverhampton,The Bay Bandit,Win,7,Lose
Beverley,Book Of Poetry,Win,5.6,Lose
Chepstow,Distant High,Win,3,Lose
Chepstow,Cay Location,Each Way,81,Lose
Chepstow,Zaria,Win,5,Lose
Chepstow,Bonjour Steve,Win,6.5,Lose
Bath,Aegean Boy,Win,4.5,Lose
Brighton,Aramadyh,Win,24,Lose
Nottingham,Maoi Chinn Tire,Win,6.5,Lose
Goodwood,Goodwood Moonlight,Win,11,Lose
Ayr,Nice Vintage,Win,4.33,Win
Kempton,Almodovar,Win,6,Win
Lingfield,Bollywood Dream,Win,34,Lose
Goodwood,Cant Change It,Win,8,Win
Sandown,Atwix,Win,15,Lose
Haydock,Newera,Win,4.33,Lose
Haydock,Chosen Character,Win,5.6,Lose
Haydock,Kachy,Win,13,Lose
Haydock,Calder Prince,Win,23,Win
Nottingham,Rio Glamorous,Each Way,21,Lose
Nottingham,Men United,Each Way,26,Lose
Ayr,Silva Samourai,Win,101,Lose
Ayr,Big Time Dancer,Win,17,Lose
Ayr,Mo Henry,Win,4.5,Lose
Wetherby,Iftikaar,Win,14.8,Lose
Wetherby,Incus,Each Way,67,Lose
Hamilton,Northern Sky,Win,3.1,Lose
Kempton,Sunset Dream,Win,19,Lose
Bath,Giennah,Win,23,Lose
Bath,Malmoosa,Win,6.5,Lose
Pontefract,Chilworth Bells,Win,11,Lose
Haydock,Captain Revelation,Win,21,Lose
Beverley,Mailshot,Win,12,Lose
Haydock,Gambit,Win,6,Lose
Haydock,Golden Glimmer,Win,12,Lose
Leicester,Hickster,Win,10,Lose
Redcar,Rocky Two,Win,17,Lose
Leicester,General Allenby,Each Way,101,Lose
Leicester,Apex King,Win,13,Lose
Towcester,Arthur Mc Bride,Win,8,Lose
Towcester,Mrs Burbidge,Win,3.75,Win
Lingfield,Tenerezza,Win,21,Lose
Wolverhampton,Therthaar,Win,2.5,Win
Nottingham,Little Choosey,Win,8,Win
Chelmsford,Bowson Fred,Win,4.5,Win
Chelmsford,Compton Mill,Win,5.5,Lose
Hamilton,Merry Banter,Win,2.88,Lose
Hamilton,Im Super Too,Win,8.5,Lose
Kempton,Mutamid,Win,5,Win
Catterick,Katebird,Win,4,Lose
Catterick,Show Palace,Win,3,Lose
Bath,Magical Daze,Win,26,Lose
Goodwood,Links Drive Lady,Win,9,Lose
Goodwood,Rosies Premiere,Win,17,Lose
Epsom,Caspian Prince,Win,14,Win
Musselburgh,Rhythmical,Win,3.75,Lose
Lingfield,Spinning Rose,Win,6,Lose
Goodwood,Black Caesar,Win,13,Lose
Brighton,Soaring Spirits,Win,4,Win
Ayr,Millefiori,Win,3.1,Lose
Salisbury,R Bar Open,Win,17,Win
Salisbury,African Showgirl,Win,17,Lose
Limerick,Limelite,Win,2.5,Lose
Beverley,Rise Up Singing,Win,51,Lose
Beverley,Poppy In The Wind,Win,8,Lose
Yarmouth,Bargain Buy,Win,4.5,Lose
Yarmouth,Gypsy Major,Win,17,Lose
Yarmouth,Jumping Around,Win,4,Lose
Nottingham,Little Choosey,Win,5.6,Lose
Sandown,Both Sides,Win,6.5,Lose
York,Mehronissa,Win,5.5,Lose
Chepstow,Coup De Vent,Win,12,Lose
Chepstow,Zaria,Win,9,Lose
York,Twin Sails,Win,36,Lose
York,Kadrizzi,Win,32,Lose
Musselburgh,Silvanus,Win,41,Lose
Lingfield,Miss Carbonia,Win,6.8,Lose
Doncaster,Gregarious,Win,6.5,Lose
Salisbury,Dont Touch,Win,4.5,Win
Salisbury,Clear Spring,Each Way,67,Lose
Windsor,Links Drive Lady,Win,6,Win
Windsor,Harlequin Striker,Win,13,Win
Galway,Minstrels Gallery,Win,4,Lose
Thirsk,Plane Song,Win,6,Win
Ascot,Lancelot Du Lac,Win,51,Lose
Thirsk,Show Palace,Win,4.5,Lose
Hamilton,Planetaria,Win,6,Win
Ascot,Librisa Breeze,Win,10,Lose
Chelmsford,Whoopsy Daisy,Win,4.33,Lose
Chelmsford,Eurato,Win,4,Lose
Ascot,Fighting Temeraire,Win,13,Lose
Lingfield,Swiss Cross,Win,4,Lose
Ascot,Carntop,Win,6,Lose
Redcar,Luvlylynnthomas,Each Way,51,Lose
Ayr,Goninodaethat,Each Way,17,Lose
Newmarket,Teofilo Wolf,Win,13,Lose
Ayr,Freewheel,Win,11,Lose
Ascot,Cunco,Win,5,Lose
Newmarket,Tagula Night,Win,26,Lose
Lingfield,Quandary Peak,Win,67,Win
Pontefract,Winterlude,Win,26,Lose
Hexham,Pair Of Jacks,Win,3.75,Lose
Windsor,Ravens Heart,Win,126,Lose
Windsor,Secret Bird,Win,11,Lose
Brighton,Solveigs Song,Win,5,Win
Brighton,Pure Soul,Win,11,Lose
Brighton,Soaring Spirits,Win,4,Win
Beverley,Poppy In The Wind,Win,9,Lose
Carlisle,Ginger Jack,Win,8,Lose
Salisbury,Wave Reviews,Win,1.91,Win
Yarmouth,Catharina,Win,6,Lose
Yarmouth,Spinning Rose,Win,8.5,Lose
Newmarket,Golden Amber,Win,6,Lose
Chester,Dark Intention,Win,5,Win
Chester,Goldslinger,Win,7.5,Lose
Doncaster,Persian Breeze,Win,11,Lose
Doncaster,Amthal,Win,13,Lose
Galway,Gale Song,Win,7,Lose
Pontefract,Rosies Premiere,Win,6.5,Lose
Musselburgh,Fumbo Jumbo,Win,5,Lose
Kempton,Shades Of Silver,Win,13,Lose
Haydock,Show Palace,Win,4.33,Win
Goodwood,Johnny B Goode,Win,8,Lose
Newbury,Fort Jefferson,Win,1.8,Win
Epsom,Harlequin Striker,Win,4.5,Lose
Sandown,Stake Acclaim,Win,2.5,Lose
Doncaster,Yourartisonfire,Win,2.88,Win
Beverley,Poppy In The Wind,Win,11,Win
Haydock,La Celebs Ville,Win,3.5,Lose
Sandown,Lancelot Du Lac,Win,15,Lose
Sandown,Pallasator,Win,8,Lose
Nottingham,Freewheel,Win,8.5,Lose
Nottingham,Bushephalus,Win,15,Lose
Carlisle,Vanishing Point,Win,2,Win
Windsor,Seaview,Win,51,Lose
Windsor,Surfina,Win,67,Lose
Windsor,Harlequin Striker,Win,3.5,Lose
Windsor,Athlon,Win,3.5,Win
Brighton,Jolly Red Jeanz,Win,21,Lose
Brighton,Feeling Easy,Win,13,Lose
Brighton,Pacolita,Win,5.5,Win
Brighton,Ettie Hart,Win,8,Lose
Kempton,Capolavoro,Win,3.5,Lose
Bath,Jack The Laird,Win,6.5,Lose
Bath,Summer Chorus,Win,10,Lose
Bath,Burning Thread,Win,17,Lose
Bath,Catharina,Win,8,Lose
Newmarket,Kadrizzi,Win,41,Lose
Newmarket,Texas Katie,Win,9,Lose
Newmarket,Rosies Premiere,Win,10,Lose
Auteuil,Cautious Optimism,Win,23,Lose
Epsom,Topamichi,Win,7.5,Lose
Newmarket,Evergate,Win,10,Lose
York,Golden Amber,Win,39,Lose
Newmarket,Welford,Win,29,Lose
Chester,Call Out Loud,Win,17,Lose
York,Firmdecisions,Win,42,Lose
York,Basem,Win,26,Lose
York,Caspian Prince,Win,15,Lose
Salisbury,Distant High,Win,19,Lose
Ayr,Aventinus,Win,2.88,Lose
Ayr,Gun Case,Win,41,Lose
Chelmsford,Oriental Relation,Win,15,Lose
Wolverhampton,Ryan The Giant,Win,17,Lose
Windsor,Kyllang Rock,Win,2.88,Win
Beverley,Nefetari,Win,12,Lose
Bath,Bernisdale,Win,9,Win
Beverley,Planetaria,Win,5,Lose
Thirsk,Ingleby Hollow,Win,3,Win
Lingfield,Bobby Vee,Win,17,Lose
Lingfield,Le Rock,Win,26,Win
Yarmouth,Jumira Bridge,Win,3.5,Lose
Sandown,Tesoro,Win,34,Lose
Hamilton,Ebbisham,Win,17,Lose
Yarmouth,Jack The Laird,Win,4,Lose
Leicester,Prying Pandora,Win,4,Lose
Doncaster,Bassmah,Win,10,Lose
Haydock,Caponova,Win,3.5,Lose
Newbury,Beck And Call,Win,15,Lose
Nottingham,Tangerine Trees,Win,15,Lose
Nottingham,Iconic Sky,Win,67,Lose
Auteuil,Poets Beauty,Win,4,Win
Hamilton,Ventura Storm,Win,13,Win
Pontefract,Laila Honiwillow,Win,3.25,Lose
Newbury,Cappananty Con,Win,101,Lose
Ripon,Knights Table,Win,3.25,Win
Lingfield,Stonecoldsoba,Win,4,Lose
Haydock,Goldslinger,Win,15,Lose
Haydock,La Celebs Ville,Win,7,Lose
Redcar,Kiwi Bay,Win,3.75,Lose
Ayr,Toffee Apple,Win,2.63,Lose
Windsor,Blaze Of Hearts,Win,51,Lose
Windsor,Rosies Premiere,Win,15,Lose
Windsor,Shifting Star,Win,5,Lose
Nottingham,Show Palace,Win,3,Lose
Nottingham,Sleepy Haven,Win,8,Lose
Chelmsford,La Fritillaire,Win,13,Lose
Lingfield,Hot N Sassy,Win,34,Lose
Hamilton,The Burnham Mare,Win,15,Lose
Bath,Just Isla,Win,6,Lose
Lingfield,Deer Song,Win,13,Lose
Bath,Bernisdale,Win,2.63,Lose
Sandown,Firmdecisions,Win,11,Lose
Leicester,Possible Future,Win,5,Lose
Yarmouth,Grey Britain,Win,4.5,Lose
Yarmouth,Pearly Queen,Win,17,Lose
Yarmouth,Artful Prince,Win,11,Lose
Doncaster,Poppy In The Wind,Win,7,Lose
Ascot,Horseplay,Win,17,Lose
Ascot,Caspian Prince,Win,21,Lose
Galway,Regal Monarch,Win,2,Lose
Chester,Poets Society,Win,3,Lose
York,Louis The Pious,Win,44,Lose
Lingfield,R Bar Open,Win,6,Lose
Carlisle,Toffee Apple,Win,4,Lose
Pontefract,Sound Advice,Win,13,Lose
Ayr,Proud Archi,Win,3.5,Lose
Ayr,Alexandrakollontai,Win,15,Lose
Windsor,Surfina,Win,81,Lose
Goodwood,Home Of The Brave,Win,3.75,Lose
Beverley,Miss Bates,Win,13,Lose
Goodwood,Perfect Angel,Win,13,Win
Goodwood,Kiltara,Win,19,Lose
Goodwood,Twin Sails,Win,11,Lose
Goodwood,Montsarrat,Win,21,Lose
Nottingham,Face Of Glory,Win,67,Lose
Goodwood,Montataire,Win,5,Lose
Ffos Las,Little Nosegay,Win,2.2,Lose
Epsom,Atwix,Win,8.5,Win
Epsom,Wind In My Sails,Win,10,Lose
Thirsk,Nile Empress,Win,2.75,Lose
Musselburgh,Fumbo Jumbo,Win,7,Lose
Newmarket,Varsovian,Win,34,Lose
Musselburgh,Rio Deva,Win,3,Lose
Goodwood,Dancing Star,Win,6.5,Win
Goodwood,Baccarat,Win,57,Lose
Newmarket,Miss Carbonia,Win,6.5,Lose
Newmarket,Fighting Temeraire,Win,5.5,Win
Doncaster,Pumblechook,Win,4,Lose
Thirsk,Ginger Jack,Win,10,Win
Lingfield,Shahaama,Win,3.75,Lose
Chepstow,Ambitious Boy,Win,15,Lose
Chepstow,Peak Storm,Win,7,Lose
Chepstow,Rosies Premiere,Win,4.5,Lose
Chepstow,Bernisdale,Win,7.5,Lose
Chepstow,Ring Eye,Win,4.5,Lose
Windsor,Harlequin Striker,Win,8,Lose
Windsor,Stake Acclaim,Win,10,Lose
Windsor,Firmdecisions,Win,15,Lose
Windsor,Blaze Of Hearts,Win,5,Lose
Salisbury,Hereawi,Win,2.2,Lose
Brighton,Pacolita,Win,9,Lose
Bath,R Bar Open,Win,9,Lose
Yarmouth,Trulee Scrumptious,Win,10,Lose
Kempton,Port Gaverne,Win,26,Lose
Haydock,Tanaasub,Win,2.75,Win
Brighton,Singyoursong,Win,4.33,Lose
Wolverhampton,Spes Nostra,Win,15,Lose
Musselburgh,Rosette,Win,2.75,Lose
Newmarket,Seniority,Win,8,Win
Haydock,Contrast,Win,17,Win
Haydock,Tartan Bute,Win,2.88,Lose
Ascot,Kadrizzi,Win,15,Win
Newmarket,Twin Sails,Win,9.5,Lose
Lingfield,Iconic Sky,Win,26,Lose
Leicester,Jack The Laird,Win,3,Lose
Chelmsford,Possible Future,Win,4.5,Win
Newmarket,Thahab Ifraj,Win,4,Lose
Windsor,Rosies Premiere,Win,7,Lose
Leicester,Seaview,Win,51,Lose
Leicester,Beatbybeatbybeat,Win,21,Lose
Leicester,R Bar Open,Win,15,Lose
Carlisle,Baby Ballerina,Win,7,Lose
Chepstow,Peak Storm,Win,3.75,Lose
Chepstow,Bonjour Steve,Win,4.5,Lose
Chepstow,Munsarim,Win,9.5,Lose
Chepstow,Mister Showman,Win,12,Lose
Chepstow,Carcharias,Win,3.75,Win
Chepstow,Ring Eye,Win,7,Lose
Chepstow,Prendergast Hill,Win,5,Lose
Hamilton,Roman Times,Win,17,Win
Aintree,Restraint Of Trade,Win,41,Lose
York,Librisa Breeze,Win,6,Lose
York,Sole Power,Win,42,Lose
York,Twin Sails,Win,21,Lose
Wolverhampton,Virile,Win,3.75,Lose
Chester,Communicator,Win,8,Lose
Bath,Wassail,Win,34,Lose
Bath,Hope Is High,Win,3.75,Lose
Aintree,Saint Helena,Win,13,Lose
Brighton,Surfina,Win,12,Lose
Chelmsford,Valbchek,Win,15,Lose
Brighton,Soaring Spirits,Win,2.75,Lose
Brighton,Bobby Vee,Win,4,Lose
Carlisle,Captain Scooby,Win,17,Lose
Newbury,Alizoom,Win,5,Lose
Chelmsford,Trishuli Rock,Win,2.9,Lose
Chelmsford,Fujin,Win,13,Lose
Chelmsford,Welford,Win,7.5,Lose
Catterick,Stoneham,Win,4.33,Lose
Musselburgh,Neuf Des Coeurs,Win,4.5,Lose
Catterick,Captain Dunne,Win,7.5,Lose
Dundee,Dune Dancer,Win,2.63,Lose
Leicester,Storm Cry,Win,3.25,Lose
Musselburgh,Ginger Jack,Win,4.33,Win
Wolverhampton,Duke Of Yorkshire,Win,3.75,Win
Wolverhampton,Jack The Laird,Win,3,Lose
Wolverhampton,Eljaddaaf,Win,3.25,Lose
Thirsk,Flowing Clarets,Win,2.25,Win
Newmarket,Nicky Baby,Win,101,Lose
Ffos Las,Shadow Spirit,Win,4.5,Lose
Newmarket,Forever Yours,Win,67,Lose
Thirsk,Hijran,Win,4.33,Win
Beverley,Peak Princess,Win,2,Win
Goodwood,Tiburtina,Win,12,Lose
Goodwood,Mister Universe,Win,51,Lose
Newmarket,Eastern Impact,Win,3.5,Lose
Redcar,High On Light,Win,2.88,Lose
Goodwood,New Caledonia,Win,13,Lose
Yarmouth,Jumping Around,Win,6.5,Lose
Goodwood,Pointillism,Win,4,Lose
Chepstow,Fantasy Queen,Win,6.5,Lose
Chepstow,Barista,Win,23,Lose
Chepstow,Ring Eye,Win,6,Lose
Salisbury,Argenterie,Win,2.38,Win
Chelmsford,West Coast Flyer,Win,3.25,Win
Haydock,Moonlit Show,Win,13,Win
Musselburgh,Neuf Des Coeurs,Win,3.5,Lose
Kempton,Meetings Man,Win,17,Lose
Ascot,Twin Sails,Win,26,Lose
Ascot,Kadrizzi,Win,13,Lose
Kempton,Sirius Prospect,Win,15,Lose
Ascot,Light And Shade,Win,6,Lose
Kempton,Captain Peacock,Win,2.5,Lose
Ascot,Stake Acclaim,Win,8,Lose
Kempton,Falcons Song,Win,6,Lose
York,Freewheel,Win,17,Lose
York,Golden Amber,Win,13,Lose
York,Swashbuckle,Win,3.25,Lose
York,Pointillism,Win,7,Lose
Brighton,Soaring Spirits,Win,5,Lose
Windsor,Percys Romance,Win,3.75,Lose
Redcar,Jeany,Win,4,Lose
Hamilton,Bahama Moon,Win,12,Lose
Leicester,Jupiter Light,Win,13,Lose
Redcar,Slipper Satin,Win,21,Lose
Carlisle,Whiteandgold,Win,9,Lose
Doncaster,Gun Case,Win,64,Lose
Carlisle,Little Lady Katie,Win,10,Lose
Carlisle,Osteopathic Remedy,Win,15,Lose
Doncaster,Mount Logan,Win,2.75,Win
Doncaster,Robbie,Win,4.5,Win
SouthWell,Imaginary Diva,Each Way,15,Lose
Cheltenham,Attaglance,Each Way,10,Lose
SouthWell,Mitchum,Each Way,17,Lose
Listowel,Novalist,Win,2.38,Win
Navan,Jennies Jewel,Each Way,17,Win
SouthWell,Delgany Demon,Win,2.88,Win
Carlisle,Hallmark Star,Each Way,9.25,Lose
Ffos Las,Fishing Bridge,Each Way,7,Lose
Wolverhampton,Pivotman,Win,2.88,Win
Lingfield,Topaling,Each Way,8,Win
Wolverhampton,Reggie Bond,Each Way,15,Lose
Catterick,Amir Pasha,Each Way,11,Win
SouthWell,Wotalad,Each Way,11,Lose
Catterick,Dark And Dangerous,Win,3,Lose
Catterick,Jacks Last Hope,Win,3.1,Lose
SouthWell,Milady Eileen,Win,3.25,Lose
Limerick,Buck Magic,Each Way,11,Lose
Hamilton,Arkaim,Win,7,Lose
Ludlow,Carnaross,Each Way,26,Lose
Ludlow,According To Trev,Each Way,13,Lose
Windsor,Razor Wind,Win,1.91,Win
Towcester,Kincora Fort,Win,1.73,Lose
SouthWell,My Son Max,Each Way,34,Lose
Towcester,Wicklewood,Each Way,9,Win
Kempton,Ohsosecret,Each Way,41,Lose
Kempton,Malaysian Boleh,Each Way,10,Lose
SouthWell,Pin Up,Win,1.91,Lose
Ascot,Final Nudge,Each Way,34,Lose
Wolverhampton,Jubilee Spirit,Each Way,67,Lose
Wolverhampton,Luis Vaz De Torres,Each Way,67,Win
Wolverhampton,Rightcar,Each Way,23,Lose
Ascot,Church Hall,Each Way,34,Lose
Fairyhouse,Teoleena,Each Way,16.5,Lose
Newcastle,Nautical Twilight,Win,2.1,Lose
Fairyhouse,Crackerdancer,Each Way,17,Lose
Ascot,Cool Macavity,Each Way,29,Lose
Thurles,Mark Me Up,Each Way,21,Lose
Fakenham,Brass Monkey,Each Way,8,Lose
Thurles,Is Herself About,Win,6.2,Lose
Kempton,Dutch Fredie G,Each Way,12,Lose
Kempton,Gannicus,Each Way,19,Lose
Kempton,Softly She Treads,Win,11,Win
Bangor,Vitarra,Each Way,29,Lose
Arlington Park,Truckers Darling,Win,2.75,Lose
Wetherby,Shadows Lengthen,Each Way,17,Lose
Wolverhampton,Poor Duke,Each Way,18,Lose
Kempton,Kilmurvy,Each Way,21,Lose
Wolverhampton,For Shia And Lula,Each Way,12,Lose
Lingfield,Clovelly Bay,Each Way,14,Lose
Lingfield,Grey Mirage,Win,3.5,Lose
Catterick,Sir Safir,Each Way,26,Win
Lingfield,Desert Strike,Each Way,12,Lose
Leopardstown,Elsie,Each Way,17,Lose
Taunton,In The Crowd,Each Way,21,Win
Lingfield,Rockys Pride,Win,9,Lose
Lingfield,Zinnobar,Win,8,Lose
Lingfield,Southern Cross,Each Way,23,Lose
Lingfield,Glastonberry,Each Way,26,Lose
Punchestown,Another Rattler,Each Way,51,Lose
Lingfield,Malaysian Boleh,Each Way,13,Win
Punchestown,Ten Times Better,Each Way,15,Win
Punchestown,Ten Per Cent Down,Each Way,41.5,Lose
Cheltenham,Hunt Ball,Each Way,15,Win
Catterick,Mister Grez,Win,3.75,Win
Exeter,Thundering Home,Each Way,15,Win
Cheltenham,Aka Doun,Each Way,17,Lose
Exeter,Mother Meldrum,Each Way,34,Lose
SouthWell,College Doll,Each Way,11,Lose
Ayr,Nosey Box,Each Way,10,Win
Ffos Las,Foryourinformation,Win,2.25,Win
Wolverhampton,Junior Ben,Each Way,15,Lose
Dundalk,Lord Kenmare,Each Way,15,Lose
Lingfield,Viewpoint,Each Way,11,Lose
Wincanton,Earthmoves,Win,2.75,Lose
Lingfield,Shaunas Spirit,Each Way,34,Lose
Sandown,Triolo Dalene,Each Way,21,Win
Cork,Robin Des People,Each Way,11,Lose
SouthWell,Percys Princess,Win,2.25,Lose
Wolverhampton,Mayfield Girl,Each Way,13,Lose
Cartmel,Claude Carter,Each Way,8,Win
Wolverhampton,Aqlette,Each Way,21,Win
Wolverhampton,Yourinthewill,Each Way,15,Lose
Wolverhampton,Cascadia,Win,4.5,Lose
Bangor,Poker School,Each Way,15,Lose
SouthWell,Honest Strike,Each Way,13,Lose
SouthWell,Sakash,Each Way,27,Lose
Bangor,Goodtoknow,Win,7,Lose
SouthWell,Bold Max,Each Way,26,Win
Taunton,Rouge Et Blanc,Each Way,17,Win
Kempton,See No Ships,Each Way,15,Win
Kempton,Molly Dolly,Each Way,17,Win
Kempton,Rouge Nuage,Each Way,17,Lose
Kempton,Celestial Bay,Each Way,13,Win
SouthWell,Warfare,Each Way,13.8,Win
Catterick,Pinerolo,Win,6,Lose
Wolverhampton,Undulate,Each Way,11,Lose
Wolverhampton,Toga Tiger,Each Way,26,Win
Wolverhampton,River Dreamer,Each Way,34,Lose
Lingfield,Lahayeb,Each Way,41,Lose
Lingfield,Stosur,Each Way,13,Lose
Doncaster,A Shade Of Bay,Each Way,13,Lose
Doncaster,Solstice Dawn,Each Way,34,Lose
Dundalk,Havelock Ellis,Each Way,15,Win
Lingfield,Spiritual Star,Each Way,8,Win
Warwick,An Poc Ar Buile,Each Way,13,Lose
Kempton,Kilcooley,Each Way,15,Lose
Huntingdon,Harry Hunt,Each Way,13,Lose
Warwick,Benbane Head,Each Way,15,Lose
Kelso,Lie Forrit,Win,3.75,Win
Fairyhouse,Alderwood,Each Way,15,Lose
Kelso,Caerlaverock,Each Way,10,Lose
Fairyhouse,Wooly Tom,Each Way,21,Lose
Chelmsford,All Or Nothin,Each Way,26,Lose
Wolverhampton,Equita,Each Way,9,Lose
Wolverhampton,Kodiac Lady,Each Way,11,Lose
Wolverhampton,Dutch Uncle,Win,2,Win
Wolverhampton,Oratorios Joy,Win,5.5,Lose
Wolverhampton,Flying Power,Each Way,26,Win
SouthWell,Eium Mac,Win,3.25,Lose
SouthWell,Bannister Bell,Each Way,9.5,Win
Fakenham,Imperial Vic,Each Way,10,Lose
SouthWell,Sleepy Blue Ocean,Each Way,17,Lose
SouthWell,Fire In Babylon,Each Way,11,Lose
Lingfield,Closing,Each Way,15,Lose
Lingfield,Encapsulated,Each Way,29,Win
Kempton,See No Ships,Each Way,12,Lose
Kempton,Focail Mear,Each Way,11,Win
Kempton,Bosstime,Each Way,9,Lose
Wincanton,Cash Injection,Each Way,13,Lose
Wincanton,Trickaway,Win,3.15,Lose
Wincanton,Revaader,Win,5.8,Lose
Wolverhampton,Show Boat,Each Way,13,Lose
Wolverhampton,Piccolo Express,Each Way,9,Win
Lingfield,Brave Decision,Each Way,11,Win
Wolverhampton,Go Packing Go,Each Way,13,Lose
Dundalk,Magic Kitten,Each Way,17,Lose
Dundalk,Share A Secret,Each Way,26,Lose
Dundalk,Blue Ridge Lane,Each Way,17,Lose
Lingfield,Diamond Charlie,Each Way,13,Lose
Lingfield,Hopes N Dreams,Each Way,29,Lose
Lingfield,Clockmaker,Each Way,21,Lose
Haydock,Toby Lerone,Each Way,11,Lose
Lingfield,Convicted,Each Way,29,Lose
Kempton,Barwah,Win,4.5,Lose
Leopardstown,Hellberemembered,Win,11,Lose
Kempton,Evacusafe Lady,Each Way,21,Lose
Kempton,Skidby Mill,Each Way,10,Lose
Kempton,Soul Instinct,Each Way,15,Win
Wolverhampton,Desert Apostle,Win,10,Lose
Exeter,Templebraden,Each Way,21,Lose
Wolverhampton,Gabrial The Thug,Each Way,12,Win
Exeter,Kentford Myth,Each Way,11,Lose
Wolverhampton,Sheriff Of Nawton,Win,9,Lose
Wetherby,In Vino Veritas,Each Way,23,Lose
Wetherby,Stickleback,Each Way,11,Win
SouthWell,Very First Blade,Each Way,17,Win
SouthWell,Under Approval,Win,6,Lose
Catterick,Always Bold,Win,8,Lose
Catterick,Rival Destruval,Each Way,26,Lose
Lingfield,Malaysian Boleh,Each Way,12,Lose
Kempton,Anjuna Beach,Each Way,17,Lose
Gowran Park,Vasco Du Mee,Each Way,41,Lose
Gowran Park,Rogue Angel,Each Way,34,Lose
Brighton,Lady Brigid,Each Way,19,Lose
Chelmsford,Desert Strike,Each Way,19,Lose
Chelmsford,Mr Soprano,Each Way,10,Win
Doncaster,Haleo,Each Way,19,Lose
Lingfield,Ragtime Dancer,Each Way,13,Lose
Lingfield,First Rebellion,Each Way,12,Lose
Doncaster,Expanding Universe,Each Way,12,Win
Lingfield,Weald Of Kent,Each Way,13,Lose
Cheltenham,Irish Cavalier,Each Way,15,Win
Lingfield,Caminel,Win,9,Lose
Uttoxeter,Trafficker,Each Way,13,Lose
Cheltenham,Dare Me,Each Way,12,Lose
Doncaster,Renard,Each Way,13,Lose
Leopardstown,Hurricane Fly,Win,2.1,Win
Sedgefield,Shrapnel,Each Way,15,Lose
Sedgefield,Riskier,Win,8,Lose
Leopardstown,Heathfield,Win,3.25,Lose
Leopardstown,Catalaunian Fields,Each Way,9,Lose
Ludlow,Theatre Queen,Win,8.5,Lose
Ludlow,Anton Dolin,Each Way,34,Lose
Ludlow,Grimley Girl,Each Way,9,Win
Wolverhampton,Smalljohn,Each Way,12,Lose
Longchamp,Popping Along,Win,4.33,Lose
SouthWell,A Little Bit Dusty,Each Way,29,Lose
Taunton,Template,Each Way,10,Win
SouthWell,Serenity Now,Each Way,51,Lose
Taunton,Loyaute,Each Way,17,Lose
Chelmsford,Malaysian Boleh,Each Way,17,Lose
Chelmsford,Daring Dragon,Each Way,13,Lose
Chelmsford,Steelriver,Each Way,13,Win
Newcastle,Corsair Prince,Each Way,26,Lose
Kempton,Margot Rose,Each Way,9,Lose
SouthWell,Under Approval,Each Way,26,Lose
Wincanton,Knocklayde Express,Each Way,11,Lose
Wincanton,Cloudy Bob,Win,8,Lose
Towcester,Brave Helios,Each Way,21,Win
Towcester,What A Moment,Each Way,11,Win
Lingfield,Soul Instinct,Win,6.5,Lose
Wolverhampton,Off The Pulse,Win,8,Win
Dundalk,Moving On Up,Win,6,Lose
Dundalk,Larghetto,Each Way,24,Lose
Dundalk,Victors Beach,Each Way,15,Lose
Sandown,Ballygarvey,Win,6.5,Lose
Ffos Las,Williams Wishes,Each Way,19,Lose
Aintree,Irish Saint,Win,3.25,Lose
Ffos Las,Firebird Flyer,Win,10,Lose
Sandown,Polamco,Win,5,Lose
Lingfield,Fearless Lad,Each Way,17,Win
Lingfield,Gimme Five,Win,3.25,Lose
Lingfield,Lexington Blue,Each Way,13,Lose
Wolverhampton,Solar Deity,Win,3.5,Lose
Wolverhampton,Spray Tan,Win,7,Lose
Kempton,Novel Dancer,Win,4.5,Lose
SouthWell,Barbs Princess,Win,3.75,Lose
SouthWell,Robin Hill,Win,5,Lose
Kempton,Invigilator,Each Way,13,Lose
Kempton,Saved My Bacon,Each Way,11,Lose
Kempton,Monsieur Chabal,Each Way,11,Lose
Chelmsford,Anonymous John,Each Way,13,Win
Kempton,Hollie Point,Win,5.5,Win
Aintree,Saint Pois,Each Way,26,Lose
Taunton,Merchant Of Milan,Each Way,9,Lose
Taunton,Auvergnat,Each Way,17,Win
Huntingdon,Dynamic Idol,Each Way,12,Lose
Meydan,Samurai Sword,Each Way,15,Win
Kempton,Salmanazar,Each Way,7,Lose
Hamilton,Hamis Al Bin,Each Way,15,Win
Wolverhampton,Qibtee,Each Way,13,Lose
Wolverhampton,Erelight,Each Way,9,Lose
Dundalk,Mystical Past,Each Way,13,Win
Wolverhampton,Syrian,Each Way,15,Lose
Wolverhampton,Ready,Each Way,15,Win
Wolverhampton,Rouge Nuage,Each Way,9.25,Lose
Sandown,Missandei,Each Way,11,Lose
Wolverhampton,Elle Shade,Win,2.15,Win
Leopardstown,Mckinley,Each Way,17,Lose
Exeter,Regal Encore,Each Way,9,Win
Leopardstown,The Tullow Tank,Each Way,21,Lose
Leopardstown,Fosters Cross,Each Way,15,Lose
Exeter,Drumlee Sunset,Win,4.5,Win
Catterick,Allbarnone,Each Way,11,Lose
Hamilton,Akula,Win,7,Lose
Catterick,Hello Pretty Ladys,Each Way,26,Lose
Plumpton,Normanton,Each Way,34,Lose
Ffos Las,Fishing Bridge,Each Way,15,Lose
SouthWell,Westminster,Win,2,Lose
Clonmel,Allied Victory,Each Way,12,Lose
Clonmel,Graces Benefit,Each Way,51,Lose
Ayr,Leading Score,Each Way,11,Lose
Chepstow,Wicker Man,Each Way,15,Lose
Chepstow,Charlie Breekie,Each Way,17,Lose
Chepstow,Bobble Boru,Each Way,15,Lose
Kempton,Atlantic Affair,Each Way,11,Lose
Kempton,Katmai River,Each Way,10,Lose
Fontwell,Remiluc,Win,4,Win
Meydan,Van Rooney,Each Way,21,Lose
Fontwell,Third Act,Each Way,13,Lose
Kelso,Rock Relief,Each Way,17,Lose
Fontwell,Alottarain,Each Way,34,Lose
Sandown,Cowards Close,Win,2.25,Win
Lingfield,Light Wave,Win,2.8,Lose
Fakenham,Can Mestret,Win,2.5,Win
Lingfield,Top Set,Win,4.6,Lose
Lingfield,Somerby,Each Way,13,Win
Carlisle,Bescot Springs,Each Way,12,Win
Wolverhampton,All Reddy,Each Way,13,Lose
Wolverhampton,Mappin Time,Each Way,15,Win
Wolverhampton,The Blue Dog,Win,4.33,Lose
Taunton,Ibis Du Rheu,Win,4,Lose
Wetherby,Always Tipsy,Each Way,15,Win
Wolverhampton,King Crimson,Each Way,11,Lose
Wetherby,Luna Nuova,Each Way,41,Lose
Wolverhampton,Mr Sundowner,Each Way,8.5,Lose
Lingfield,Tidals Baby,Each Way,15,Lose
Lingfield,Celestine Abbey,Each Way,10,Lose
Ludlow,Canadian Diamond,Each Way,10,Lose
Lingfield,Powerfulstorm,Each Way,29,Win
Wolverhampton,Triple Chocolate,Each Way,12,Win
Sedgefield,Zazamix,Win,8.5,Lose
Meydan,Banaadeer,Each Way,10,Win
Cartmel,Claude Carter,Each Way,10,Lose
Chelmsford,Rocket Rob,Each Way,12,Lose
Chelmsford,With Hindsight,Each Way,17,Lose
Exeter,Rally,Each Way,19,Lose
Lingfield,Starlight Symphony,Each Way,15,Win
Wolverhampton,Two Turtle Doves,Each Way,11,Lose
Wolverhampton,Captain Scooby,Each Way,13,Lose
Wolverhampton,Prigsnov Dancer,Win,9.5,Lose
Newcastle,Fisher,Each Way,11,Lose
Newcastle,Wyck Hill,Each Way,10,Lose
Newcastle,Tutchec,Each Way,13,Lose
Kempton,Le Reve,Each Way,10,Win
Newcastle,Big River,Each Way,14,Win
SouthWell,Presenting Paddy,Each Way,17,Lose
Naas,The Herds Garden,Each Way,13,Lose
Naas,Harangue,Each Way,26,Lose
SouthWell,Mr Lando,Win,2.38,Lose
SouthWell,Isla Di Milano,Each Way,17,Lose
Wolverhampton,Penalty Scorer,Each Way,26,Lose
Ayr,Kilkenny Kim,Win,4,Lose
Hamilton,Off The Scale,Each Way,11,Lose
Wolverhampton,Dream Child,Win,1.95,Lose
Wolverhampton,John Potts,Each Way,15,Lose
Lingfield,Hercullian Prince,Each Way,19,Lose
Lingfield,Tidal Moon,Each Way,22,Lose
Leicester,Brunswick Gold,Each Way,22,Lose
Lingfield,Lord Of The Storm,Each Way,15,Lose
Lingfield,Smugglers Lane,Win,8,Lose
Kempton,Townsville,Each Way,21,Win
Kempton,Skye Morning,Each Way,14,Lose
Kempton,Puzzle Time,Win,5.5,Lose
Aintree,Saint Helena,Each Way,15,Lose
Kempton,Jolly Red Jeanz,Each Way,13,Lose
SouthWell,Gabrial The Tiger,Each Way,13,Lose
Hamilton,Five Star Wilsham,Each Way,29,Win
SouthWell,Gabrial The Duke,Win,5,Lose
Meydan,Anaerobio,Each Way,13,Lose
Chelmsford,Valentines Gift,Each Way,41,Lose
Lingfield,Inauguration,Each Way,15,Lose
Arlington Park,Truckers Darling,Each Way,13,Lose
Newbury,Island Cruise,Each Way,11,Lose
Doncaster,Celtic Artisan,Each Way,21,Lose
Wolverhampton,Mazij,Each Way,15,Lose
Newbury,Wily Fox,Each Way,26,Lose
Newbury,Golden Chieftain,Each Way,15,Lose
Doncaster,Samingarry,Each Way,13,Lose
Doncaster,Night In Milan,Win,7,Lose
Newbury,Wildmoor Boy,Each Way,14,Lose
Bath,Bathcounty,Win,4,Win
SouthWell,Kilcascan,Win,9,Lose
Fakenham,Aviador,Win,4,Lose
Wolverhampton,Virtual Reality,Win,10,Lose
Wolverhampton,Edgware Road,Win,17,Lose
Exeter,Emma Soda,Each Way,21,Lose
SouthWell,Sleet,Win,3.1,Lose
SouthWell,Very First Blade,Win,2.88,Lose
Newcastle,Down The Line,Each Way,11,Win
Kempton,Caledonia Laird,Each Way,12,Lose
Kempton,Tychaios,Each Way,13,Win
Kempton,Welsh Inlet,Each Way,13,Win
Kempton,Compton Prince,Each Way,13,Lose
SouthWell,Cocker,Each Way,15,Lose
Chelmsford,Angelito,Each Way,21,Win
Sandown,Goldie Horn,Each Way,11,Lose
Sandown,Serienschock,Each Way,10,Win
Wolverhampton,Suni Dancer,Each Way,21,Lose
Sandown,Hello George,Each Way,12,Lose
Sandown,Lifeboat Mona,Each Way,11,Win
Market Rasen,Sergeant Pink,Win,3.5,Lose
Cheltenham,Vibrato Valtat,Win,8,Lose
Cheltenham,Faugheen,Win,2.1,Win
Cheltenham,The Pirates Queen,Each Way,26,Lose
Cheltenham,Sego Success,Win,6.5,Lose
Cheltenham,Windsor Park,Win,6,Win
Cheltenham,Southfield Theatre,Win,8.5,Lose
Cheltenham,Mijhaar,Each Way,34,Lose
Cheltenham,Sebastian Beach,Each Way,34,Lose
Cheltenham,Vautour,Win,2.63,Win
Cheltenham,Katkeau,Each Way,34,Lose
Cheltenham,Ma Filleule,Win,6.5,Lose
Cheltenham,Lieutenant Colonel,Each Way,10,Lose
Cheltenham,Benbens,Each Way,21,Lose
Cheltenham,Top Notch,Each Way,8.5,Win
Cheltenham,Ballyglasheen,Each Way,81,Lose
Cheltenham,Definitly Red,Each Way,26,Lose
Cheltenham,Road To Riches,Each Way,13,Win
Cheltenham,Grumeti,Each Way,17,Lose
Kempton,Thundering Home,Each Way,34,Lose
Uttoxeter,Goonyella,Each Way,10,Win
SouthWell,Oscar Oscar,Win,7,Lose
SouthWell,Rosie Revenue,Each Way,17,Lose
SouthWell,Imjin River,Each Way,13,Lose
Exeter,Flying Light,Each Way,17,Win
Wetherby,Westend Theatre,Each Way,11,Lose
Wetherby,Back By Midnight,Each Way,9,Lose
SouthWell,Archie Stevens,Each Way,19,Lose
Warwick,Mr Mcgregor,Each Way,11,Win
Chelmsford,Myboyalfie,Each Way,13,Lose
Kempton,Jackpot,Each Way,34,Lose
Kempton,Drive On,Each Way,9,Lose
Kempton,Catalinas Diamond,Each Way,10,Lose
Wolverhampton,Noverre To Go,Each Way,29,Win
Wolverhampton,Cloak And Degas,Each Way,17,Win
Hamilton,Champagne Ransom,Each Way,21,Lose
Ludlow,Desertmore Hill,Each Way,15,Win
Sedgefield,Great Demeanor,Each Way,15,Lose
Newbury,Rendezvous Peak,Each Way,21,Lose
Newbury,Bold Adventure,Each Way,26,Lose
Newbury,Tony Star,Each Way,26,Lose
Newbury,Royal Guardsman,Each Way,10,Lose
Wolverhampton,Studfarmer,Each Way,34,Win
Wolverhampton,Olney Lass,Each Way,17,Lose
Towcester,Crouching Harry,Each Way,15,Win
Wolverhampton,Tight Lipped,Each Way,9,Lose
Taunton,Barista,Each Way,13,Lose
Wolverhampton,Emily Davison,Each Way,17,Win
SouthWell,Dance For Livvy,Each Way,11,Lose
SouthWell,Calin Du Brizais,Each Way,11,Lose
SouthWell,Patriotic,Each Way,15,Win
SouthWell,Well Shake Hands,Each Way,13,Lose
Lingfield,Swift Blade,Each Way,28,Win
Newton Abbot,Sweet Boy Vic,Each Way,12,Win
Lingfield,Teen Ager,Each Way,17,Win
Newbury,Flying Eagle,Each Way,21,Lose
Newbury,Remiluc,Win,2.88,Lose
Cork,Clara More,Each Way,13,Lose
Chelmsford,Hierarch,Win,4.5,Lose
Warwick,Foundation Man,Each Way,17,Lose
Kempton,Kings Request,Each Way,13,Lose
Warwick,The Gipper,Each Way,9,Win
Kempton,Popping Along,Each Way,23,Win
Huntingdon,Letter Exit,Each Way,34,Lose
Exeter,Party Palace,Each Way,13,Win
SouthWell,Alpha Tauri,Each Way,11,Lose
SouthWell,Conserve,Each Way,10,Lose
Exeter,Mac Bertie,Each Way,13,Lose
Wincanton,Kellys Brow,Each Way,22,Lose
Wincanton,Ladies Dancing,Each Way,13,Lose
Wincanton,Blue April,Each Way,34,Lose
Wincanton,Hill Forts Gypse,Each Way,41,Lose
Kempton,Graffiti Art,Each Way,21,Win
Musselburgh,Esteaming,Each Way,13,Win
Musselburgh,Tom Hark,Each Way,10,Lose
Lingfield,Grendisar,Each Way,6,Win
Lingfield,Blue Aegean,Each Way,8,Win
Kempton,Tea Blossom,Each Way,17,Lose
Kempton,Realize,Each Way,15,Win
Haydock,Tenor Nivernais,Each Way,11,Lose
Cork,Clara More,Each Way,21,Lose
Sedgefield,Brunello,Each Way,11,Lose
Fairyhouse,Carrigmoorna Rock,Each Way,13,Lose
Cork,Mrs Mac Veale,Each Way,15,Win
